,ACTION,ADVENTURE,ANIMATION,CHILDREN,COMEDY,CRIME,DOCUMENTRY,DRAMA,FANTASY,FILM NOIR,HORROR,MUSICAL,MYSTERY,ROMANCE,SCIFI,THIRILLER,WAR,WESTERN,genre
0,0,0,1,1,1,0,0,0,0,0,0,0,0,0,0,0,0,0,ANIMATION|CHILDREN|COMEDY
1,1,1,0,0,0,0,0,0,0,0,0,0,0,0,0,1,0,0,ACTION|ADVENTURE|THIRILLER
2,0,0,0,0,0,0,0,0,0,0,0,0,0,0,0,1,0,0,THIRILLER
3,1,0,0,0,1,0,0,1,0,0,0,0,0,0,0,0,0,0,ACTION|COMEDY|DRAMA
4,0,0,0,0,0,1,0,1,0,0,0,0,0,0,0,1,0,0,CRIME|DRAMA|THIRILLER
5,0,0,0,0,0,0,0,1,0,0,0,0,0,0,0,0,0,0,DRAMA
6,0,0,0,0,0,0,0,1,0,0,0,0,0,0,1,0,0,0,DRAMA|SCIFI
7,0,0,0,1,1,0,0,1,0,0,0,0,0,0,0,0,0,0,CHILDREN|COMEDY|DRAMA
8,0,0,0,0,0,0,0,1,0,0,0,0,0,0,0,0,0,0,DRAMA
9,0,0,0,0,0,0,0,1,0,0,0,0,0,0,0,0,1,0,DRAMA|WAR
10,0,0,0,0,0,1,0,0,0,0,0,0,0,0,0,1,0,0,CRIME|THIRILLER
11,0,0,0,0,0,1,0,0,0,0,0,0,0,0,0,1,0,0,CRIME|THIRILLER
12,0,0,0,0,1,0,0,0,0,0,0,0,0,0,0,0,0,0,COMEDY
13,0,0,0,0,0,0,0,1,0,0,0,0,0,1,0,0,0,0,DRAMA|ROMANCE
14,0,0,0,0,0,0,0,1,0,0,0,0,0,0,0,0,0,0,DRAMA
15,0,0,0,0,1,0,0,0,0,0,0,0,0,1,0,0,0,0,COMEDY|ROMANCE
16,1,0,0,0,1,1,0,0,0,0,1,0,0,0,0,1,0,0,ACTION|COMEDY|CRIME|HORROR|THIRILLER
17,0,0,0,0,0,0,0,1,0,0,0,0,0,0,0,0,0,0,DRAMA
18,0,0,0,0,0,0,0,1,0,0,0,0,0,0,0,0,0,0,DRAMA
19,0,0,0,0,0,0,0,1,0,0,0,0,0,1,0,0,0,0,DRAMA|ROMANCE
20,1,1,0,0,1,0,0,0,0,0,0,1,0,0,0,1,0,0,ACTION|ADVENTURE|COMEDY|MUSICAL|THIRILLER
21,1,0,0,0,0,0,0,1,0,0,0,0,0,0,0,0,1,0,ACTION|DRAMA|WAR
22,0,0,0,0,0,0,0,1,0,0,0,0,0,0,0,1,0,0,DRAMA|THIRILLER
23,1,1,0,0,0,1,0,0,0,0,0,0,0,0,0,0,0,0,ACTION|ADVENTURE|CRIME
24,0,0,0,0,1,0,0,0,0,0,0,0,0,0,0,0,0,0,COMEDY
25,0,0,0,0,1,0,0,0,0,0,0,0,0,0,0,0,0,0,COMEDY
26,1,0,0,0,0,0,0,0,0,0,0,0,0,0,0,0,0,0,ACTION
27,1,0,0,0,0,0,0,1,0,0,0,0,0,0,0,1,0,0,ACTION|DRAMA|THIRILLER
28,1,1,0,0,1,1,0,0,0,0,0,0,0,0,0,0,0,0,ACTION|ADVENTURE|COMEDY|CRIME
29,0,0,0,0,0,0,0,1,0,0,0,0,0,0,0,0,0,0,DRAMA
30,0,0,0,0,0,0,0,1,0,0,0,0,0,0,0,1,1,0,DRAMA|THIRILLER|WAR
31,0,0,0,0,0,0,1,0,0,0,0,0,0,0,0,0,0,0,DOCUMENTRY
32,1,0,0,0,0,0,0,0,0,0,0,0,0,1,0,1,0,0,ACTION|ROMANCE|THIRILLER
33,0,0,0,0,1,0,0,1,0,0,0,0,0,0,0,0,0,0,COMEDY|DRAMA
34,0,1,0,1,0,0,0,1,0,0,0,0,0,0,0,0,0,0,ADVENTURE|CHILDREN|DRAMA
35,0,0,0,0,0,0,0,1,0,0,0,0,0,1,0,0,0,0,DRAMA|ROMANCE
36,0,0,0,0,0,0,0,1,0,0,0,0,0,0,0,0,0,0,DRAMA
37,0,0,0,0,0,0,0,0,0,0,0,0,0,0,1,1,0,0,SCIFI|THIRILLER
38,1,0,0,0,0,1,0,0,0,0,0,0,0,0,1,0,0,0,ACTION|CRIME|SCIFI
39,0,0,0,0,1,0,0,0,0,0,0,0,0,0,0,0,0,0,COMEDY
40,0,0,0,0,1,0,0,0,0,0,0,0,0,0,0,0,0,0,COMEDY
41,0,0,0,0,1,0,0,0,0,0,0,0,0,0,0,0,0,0,COMEDY
42,0,0,0,0,0,0,0,1,0,0,0,0,0,0,0,1,0,0,DRAMA|THIRILLER
43,0,0,0,0,0,0,0,1,0,0,0,0,0,0,0,1,0,0,DRAMA|THIRILLER
44,0,0,0,0,1,0,0,1,0,0,0,0,0,0,0,0,0,0,COMEDY|DRAMA
45,0,0,0,0,0,0,0,1,0,0,0,0,0,0,0,0,0,0,DRAMA
46,0,0,0,0,1,0,0,1,0,0,0,0,0,0,0,0,0,0,COMEDY|DRAMA
47,0,0,0,0,0,0,1,0,0,0,0,0,0,0,0,0,0,0,DOCUMENTRY
48,0,0,0,0,1,0,0,0,0,0,0,0,0,1,0,0,0,0,COMEDY|ROMANCE
49,1,1,0,0,0,0,0,0,0,0,0,0,0,1,1,0,1,0,ACTION|ADVENTURE|ROMANCE|SCIFI|WAR
50,0,0,0,0,0,0,0,1,0,0,0,0,0,1,0,0,1,1,DRAMA|ROMANCE|WAR|WESTERN
51,0,0,0,0,0,0,0,1,0,0,0,0,0,0,0,0,0,0,DRAMA
52,1,0,0,0,0,0,0,0,0,0,0,0,0,0,0,1,0,0,ACTION|THIRILLER
53,1,0,0,0,0,0,0,1,0,0,0,0,0,0,0,1,0,0,ACTION|DRAMA|THIRILLER
54,0,0,0,0,0,1,0,1,0,0,0,0,0,1,0,1,0,0,CRIME|DRAMA|ROMANCE|THIRILLER
55,0,0,0,0,0,1,0,1,0,0,0,0,0,0,0,0,0,0,CRIME|DRAMA
56,0,0,0,0,0,0,0,1,0,0,0,0,0,0,0,0,0,0,DRAMA
57,0,0,0,0,0,0,0,1,0,0,0,0,0,0,0,0,0,0,DRAMA
58,0,0,0,0,0,0,0,1,0,0,0,0,0,0,0,0,0,0,DRAMA
59,0,0,0,0,0,0,0,1,0,0,0,0,0,0,0,0,0,0,DRAMA
60,0,0,0,0,0,0,0,1,0,0,0,0,0,0,0,0,0,0,DRAMA
61,1,1,0,0,0,0,0,0,0,0,0,0,0,0,1,0,0,0,ACTION|ADVENTURE|SCIFI
62,0,0,0,1,1,0,0,0,0,0,0,0,0,0,0,0,0,0,CHILDREN|COMEDY
63,0,0,0,0,0,0,0,1,0,0,0,0,0,0,0,0,0,0,DRAMA
64,0,0,0,0,1,0,0,1,0,0,0,0,0,0,0,0,0,0,COMEDY|DRAMA
65,0,0,0,0,1,0,0,0,0,0,0,0,0,1,0,0,0,0,COMEDY|ROMANCE
66,0,0,0,0,1,0,0,0,0,0,0,0,0,0,0,0,0,0,COMEDY
67,1,0,0,0,0,0,0,0,0,0,0,0,0,1,0,1,0,0,ACTION|ROMANCE|THIRILLER
68,0,0,0,0,1,0,0,0,0,0,0,0,0,1,0,0,1,0,COMEDY|ROMANCE|WAR
69,0,0,0,0,1,0,0,0,0,0,0,0,0,1,0,0,0,0,COMEDY|ROMANCE
70,0,0,1,1,0,0,0,0,0,0,0,1,0,0,0,0,0,0,ANIMATION|CHILDREN|MUSICAL
71,0,0,0,0,1,1,0,0,1,0,0,0,0,0,0,0,0,0,COMEDY|CRIME|FANTASY
72,1,0,0,0,1,0,0,0,0,0,0,0,0,0,0,0,0,1,ACTION|COMEDY|WESTERN
73,1,0,0,0,1,0,0,1,0,0,0,0,0,0,0,0,0,0,ACTION|COMEDY|DRAMA
74,0,0,0,0,0,0,1,0,0,0,0,0,0,0,0,0,0,0,DOCUMENTRY
75,0,0,0,0,0,1,0,1,0,0,0,0,0,0,0,0,0,0,CRIME|DRAMA
76,0,0,0,0,0,0,0,1,0,0,0,0,0,0,0,1,0,0,DRAMA|THIRILLER
77,0,1,0,1,0,0,0,1,0,0,0,0,0,0,0,0,0,0,ADVENTURE|CHILDREN|DRAMA
78,1,0,0,0,0,0,0,0,0,0,0,0,0,0,0,1,0,0,ACTION|THIRILLER
79,1,0,0,0,1,0,0,0,0,0,0,0,0,0,0,0,1,0,ACTION|COMEDY|WAR
80,0,0,0,0,1,0,0,0,0,0,0,0,0,1,0,0,0,0,COMEDY|ROMANCE
81,1,1,0,0,0,0,0,0,0,0,0,0,0,0,1,0,0,0,ACTION|ADVENTURE|SCIFI
82,0,0,0,0,1,0,0,0,0,0,0,0,0,1,0,0,0,0,COMEDY|ROMANCE
83,0,0,0,0,0,0,0,0,0,0,1,0,0,0,1,0,0,0,HORROR|SCIFI
84,0,0,0,0,1,0,0,0,0,0,0,0,0,0,0,0,0,0,COMEDY
85,0,0,0,0,0,0,0,1,0,0,0,0,0,0,0,0,0,0,DRAMA
86,0,0,0,0,0,0,0,1,0,0,0,0,0,0,0,0,0,0,DRAMA
87,0,0,0,0,1,0,0,0,0,0,0,0,0,1,0,0,0,0,COMEDY|ROMANCE
88,0,0,0,0,0,0,0,0,0,1,0,0,0,0,1,0,0,0,FILM NOIR|SCIFI
89,0,0,0,0,1,0,0,0,0,0,0,0,0,1,0,1,0,0,COMEDY|ROMANCE|THIRILLER
90,0,0,0,1,1,0,0,0,0,0,0,1,0,0,0,0,0,0,CHILDREN|COMEDY|MUSICAL
91,1,0,0,0,0,1,0,0,0,0,0,0,0,1,0,0,0,0,ACTION|CRIME|ROMANCE
92,0,0,0,0,1,0,0,1,0,0,0,0,0,0,0,0,0,0,COMEDY|DRAMA
93,0,0,0,1,1,0,0,0,0,0,0,0,0,0,0,0,0,0,CHILDREN|COMEDY
94,0,0,1,1,1,0,0,0,0,0,0,1,0,0,0,0,0,0,ANIMATION|CHILDREN|COMEDY|MUSICAL
95,1,0,0,0,0,0,0,0,0,0,0,0,0,0,1,1,0,0,ACTION|SCIFI|THIRILLER
96,0,1,0,0,0,0,0,1,0,0,0,0,0,0,0,0,0,1,ADVENTURE|DRAMA|WESTERN
97,0,0,0,0,0,0,0,1,0,0,0,0,0,0,0,1,0,0,DRAMA|THIRILLER
98,0,0,1,1,0,0,0,0,0,0,0,1,0,0,0,0,0,0,ANIMATION|CHILDREN|MUSICAL
99,0,0,0,0,0,1,0,1,0,0,0,0,0,0,0,1,0,0,CRIME|DRAMA|THIRILLER
100,1,1,1,0,0,0,0,0,0,0,1,0,0,0,1,0,0,0,ACTION|ADVENTURE|ANIMATION|HORROR|SCIFI
101,0,0,1,1,0,0,0,0,0,0,0,0,0,0,0,0,0,0,ANIMATION|CHILDREN
102,0,0,1,1,0,0,0,0,0,0,0,1,0,0,0,0,0,0,ANIMATION|CHILDREN|MUSICAL
103,0,0,0,0,1,0,0,0,0,0,0,0,0,0,0,0,0,0,COMEDY
104,0,0,0,0,1,0,0,0,0,0,0,0,0,0,0,0,0,0,COMEDY
105,0,0,0,0,0,0,0,1,0,0,0,0,0,0,0,1,0,0,DRAMA|THIRILLER
106,0,0,0,0,0,0,0,1,0,0,0,0,0,0,0,0,0,0,DRAMA
107,0,0,0,0,1,0,0,0,0,0,0,0,0,0,0,0,0,0,COMEDY
108,0,0,0,0,1,0,0,0,0,0,0,0,0,0,1,0,0,0,COMEDY|SCIFI
109,1,1,0,0,1,0,0,0,0,0,0,0,0,0,0,0,1,0,ACTION|ADVENTURE|COMEDY|WAR
110,0,0,0,0,1,0,0,0,0,0,0,0,0,1,0,0,0,0,COMEDY|ROMANCE
111,0,1,0,1,0,0,0,0,0,0,0,0,0,0,0,0,0,0,ADVENTURE|CHILDREN
112,0,0,0,0,0,0,0,1,0,0,0,0,0,0,0,0,0,0,DRAMA
113,0,0,1,0,0,0,0,0,0,0,0,0,0,0,0,0,0,0,ANIMATION
114,0,0,0,0,0,0,1,0,0,0,0,0,0,0,0,0,0,0,DOCUMENTRY
115,0,0,0,0,1,0,0,0,0,0,0,0,0,0,0,0,0,0,COMEDY
116,1,1,0,0,0,0,0,0,0,0,0,0,0,0,0,1,0,0,ACTION|ADVENTURE|THIRILLER
117,1,1,0,0,0,0,0,0,0,0,0,0,0,0,0,1,0,0,ACTION|ADVENTURE|THIRILLER
118,0,0,0,0,0,0,1,0,0,0,0,0,0,0,0,0,0,0,DOCUMENTRY
119,0,0,0,0,1,1,0,0,0,0,0,0,0,0,0,0,0,0,COMEDY|CRIME
120,1,0,0,0,0,0,0,0,0,0,0,0,0,0,1,0,1,0,ACTION|SCIFI|WAR
121,0,0,0,0,1,0,0,0,0,0,0,0,0,0,0,0,0,0,COMEDY
122,0,0,0,0,1,0,0,0,0,0,1,0,0,0,0,0,0,0,COMEDY|HORROR
123,0,0,0,0,0,0,0,1,0,0,0,0,1,0,0,0,0,0,DRAMA|MYSTERY
124,0,0,0,0,0,0,0,1,0,0,0,0,0,1,0,0,0,0,DRAMA|ROMANCE
125,0,0,0,0,0,0,0,1,0,0,0,0,0,0,0,0,0,0,DRAMA
126,1,0,0,0,0,1,0,1,0,0,0,0,0,0,0,0,0,0,ACTION|CRIME|DRAMA
127,1,0,0,0,0,0,0,0,0,0,0,0,0,0,0,1,0,0,ACTION|THIRILLER
128,0,0,0,0,0,1,0,1,0,0,0,0,0,1,0,1,0,0,CRIME|DRAMA|ROMANCE|THIRILLER
129,0,0,0,0,0,1,0,0,0,0,0,0,0,0,0,0,0,0,CRIME
130,0,0,0,0,0,0,0,1,0,0,0,0,0,1,0,0,0,0,DRAMA|ROMANCE
131,0,1,0,1,0,0,0,1,0,0,0,1,0,0,0,0,0,0,ADVENTURE|CHILDREN|DRAMA|MUSICAL
132,0,0,0,0,0,0,0,1,0,0,0,0,0,1,0,0,1,0,DRAMA|ROMANCE|WAR
133,0,0,0,0,0,0,0,1,0,0,0,0,0,0,0,0,0,0,DRAMA
134,0,0,0,0,0,0,0,1,0,0,0,0,1,0,1,1,0,0,DRAMA|MYSTERY|SCIFI|THIRILLER
135,0,0,0,0,0,0,0,1,0,0,0,0,0,0,0,0,0,0,DRAMA
136,0,0,0,0,0,0,0,1,0,0,0,0,0,0,0,0,0,0,DRAMA
137,0,0,0,1,1,0,0,0,0,0,0,0,0,0,0,0,0,0,CHILDREN|COMEDY
138,0,0,0,1,1,0,0,0,0,0,0,0,0,0,0,0,0,0,CHILDREN|COMEDY
139,0,1,0,1,0,0,0,0,0,0,0,0,0,0,0,0,0,0,ADVENTURE|CHILDREN
140,0,1,0,1,0,0,0,0,1,0,0,0,0,0,1,0,0,0,ADVENTURE|CHILDREN|FANTASY|SCIFI
141,0,1,0,1,0,0,0,0,0,0,0,1,0,0,0,0,0,0,ADVENTURE|CHILDREN|MUSICAL
142,0,0,0,0,0,0,0,0,0,0,0,1,0,0,0,0,0,0,MUSICAL
143,1,0,0,0,0,0,0,0,0,0,0,0,0,0,0,1,0,0,ACTION|THIRILLER
144,1,0,0,0,0,0,0,0,0,0,0,0,0,0,1,1,0,0,ACTION|SCIFI|THIRILLER
145,0,0,0,0,0,0,0,1,0,0,0,0,0,0,0,0,0,0,DRAMA
146,1,0,0,0,0,0,0,0,0,0,0,0,0,0,0,1,0,0,ACTION|THIRILLER
147,1,1,0,0,0,0,0,0,0,0,0,0,0,0,0,0,0,0,ACTION|ADVENTURE
148,0,0,0,0,0,0,0,1,0,0,0,0,0,0,0,0,0,0,DRAMA
149,0,0,0,0,1,0,0,1,0,0,0,0,0,0,0,0,0,0,COMEDY|DRAMA
150,0,1,0,1,1,0,0,0,0,0,0,0,0,0,0,0,0,0,ADVENTURE|CHILDREN|COMEDY
151,0,0,0,0,1,0,0,0,0,0,0,0,0,0,1,0,0,0,COMEDY|SCIFI
152,0,0,0,0,1,0,0,0,0,0,0,0,0,0,0,0,0,0,COMEDY
153,0,0,0,0,1,0,0,0,0,0,0,0,0,0,0,0,0,0,COMEDY
154,0,0,0,0,0,0,0,0,0,0,0,1,0,1,0,0,0,0,MUSICAL|ROMANCE
155,0,0,0,0,0,1,0,0,0,0,0,0,0,0,0,1,0,0,CRIME|THIRILLER
156,0,0,0,0,0,0,0,1,0,0,0,0,0,0,0,0,1,0,DRAMA|WAR
157,0,0,0,0,1,0,0,0,0,0,0,0,0,0,0,0,0,0,COMEDY
158,0,0,0,0,0,0,0,0,0,0,0,0,1,0,0,1,0,0,MYSTERY|THIRILLER
159,0,0,0,0,0,0,0,1,0,0,0,0,0,0,0,0,0,0,DRAMA
160,1,0,0,0,0,0,0,0,0,0,0,0,0,1,0,0,0,0,ACTION|ROMANCE
161,0,0,0,0,0,0,0,1,0,0,0,0,0,0,0,0,0,0,DRAMA
162,0,0,0,0,1,0,0,0,0,0,0,0,0,0,0,0,0,0,COMEDY
163,1,1,0,0,0,0,0,0,0,0,0,0,0,0,1,1,0,0,ACTION|ADVENTURE|SCIFI|THIRILLER
164,0,0,0,0,0,0,0,1,0,0,0,0,0,0,0,0,0,0,DRAMA
165,0,0,0,0,0,0,0,1,0,0,0,0,0,0,0,0,0,0,DRAMA
166,0,0,0,0,1,0,0,0,0,0,0,0,0,0,0,0,0,0,COMEDY
167,0,0,0,0,1,0,0,0,0,0,0,0,0,0,0,0,0,0,COMEDY
168,0,0,1,0,1,0,0,0,0,0,0,0,0,0,0,0,0,0,ANIMATION|COMEDY
169,0,0,0,0,1,0,0,1,0,0,0,0,0,1,0,0,0,0,COMEDY|DRAMA|ROMANCE
170,0,0,0,0,1,0,0,0,0,0,0,0,0,0,1,0,0,0,COMEDY|SCIFI
171,1,1,0,0,0,0,0,1,0,0,0,0,0,1,1,0,1,0,ACTION|ADVENTURE|DRAMA|ROMANCE|SCIFI|WAR
172,1,1,0,0,1,0,0,0,0,0,0,0,0,1,0,0,0,0,ACTION|ADVENTURE|COMEDY|ROMANCE
173,1,1,0,0,0,0,0,0,0,0,0,0,0,0,0,0,0,0,ACTION|ADVENTURE
174,0,0,0,0,0,0,0,0,0,0,0,0,0,0,1,0,0,0,SCIFI
175,1,0,0,0,0,0,0,0,0,0,0,0,0,0,1,1,1,0,ACTION|SCIFI|THIRILLER|WAR
176,1,0,0,0,0,0,0,0,0,0,0,0,0,0,0,0,0,1,ACTION|WESTERN
177,0,0,0,0,0,0,0,1,0,0,0,0,0,0,0,0,0,0,DRAMA
178,0,0,0,0,0,0,0,0,0,0,0,0,0,0,1,0,0,0,SCIFI
179,0,0,0,0,0,0,0,1,0,0,0,0,0,0,0,0,1,0,DRAMA|WAR
180,1,1,0,0,0,0,0,0,0,0,0,0,0,1,1,0,1,0,ACTION|ADVENTURE|ROMANCE|SCIFI|WAR
181,0,0,0,0,0,1,0,1,0,0,0,0,0,0,0,0,0,0,CRIME|DRAMA
182,1,0,0,0,0,0,0,0,0,0,1,0,0,0,1,1,0,0,ACTION|HORROR|SCIFI|THIRILLER
183,1,1,0,0,1,0,0,0,0,0,1,0,0,0,1,0,0,0,ACTION|ADVENTURE|COMEDY|HORROR|SCIFI
184,0,0,0,0,0,0,0,0,0,0,1,0,0,1,0,1,0,0,HORROR|ROMANCE|THIRILLER
185,1,0,0,0,1,0,0,0,0,0,0,1,0,0,0,0,0,0,ACTION|COMEDY|MUSICAL
186,1,0,0,0,0,1,0,1,0,0,0,0,0,0,0,0,0,0,ACTION|CRIME|DRAMA
187,1,0,0,0,0,0,0,1,0,0,0,0,0,0,0,0,1,0,ACTION|DRAMA|WAR
188,0,0,1,0,1,0,0,0,0,0,0,0,0,0,0,0,0,0,ANIMATION|COMEDY
189,0,0,0,0,0,0,0,1,0,0,0,0,0,0,0,0,1,0,DRAMA|WAR
190,0,0,0,0,0,0,0,1,0,0,0,0,1,0,0,0,0,0,DRAMA|MYSTERY
191,0,0,0,0,0,0,0,1,0,0,0,0,0,0,0,0,0,0,DRAMA
192,0,0,0,0,0,0,0,1,0,0,0,0,0,0,0,0,0,0,DRAMA
193,0,0,0,0,1,1,0,0,0,0,0,0,0,0,0,0,0,0,COMEDY|CRIME
194,1,0,0,0,0,0,0,0,0,0,0,0,0,0,1,1,0,0,ACTION|SCIFI|THIRILLER
195,0,0,0,0,0,0,0,1,0,0,0,0,0,0,0,0,0,0,DRAMA
196,0,0,0,0,0,0,0,1,0,0,0,0,0,1,0,0,0,0,DRAMA|ROMANCE
197,0,0,0,0,0,0,0,0,0,0,0,0,0,0,0,1,0,0,THIRILLER
198,0,0,0,0,0,0,0,1,0,0,0,0,0,0,0,0,1,0,DRAMA|WAR
199,0,0,0,0,0,0,0,0,0,0,1,0,0,0,0,0,0,0,HORROR
200,1,1,0,0,1,0,0,0,0,0,1,0,0,0,0,0,0,0,ACTION|ADVENTURE|COMEDY|HORROR
201,0,0,0,0,1,0,0,0,0,0,0,0,0,1,0,0,0,0,COMEDY|ROMANCE
202,0,0,0,0,0,0,0,0,0,0,0,0,0,0,0,0,0,1,WESTERN
203,0,0,0,0,1,0,0,0,0,0,0,0,0,0,1,0,0,0,COMEDY|SCIFI
204,0,0,0,0,0,0,0,1,0,0,0,0,0,0,0,0,1,0,DRAMA|WAR
205,0,1,1,0,0,0,0,0,0,0,0,0,0,0,1,1,0,0,ADVENTURE|ANIMATION|SCIFI|THIRILLER
206,1,0,0,0,0,0,0,1,0,0,0,0,0,1,0,0,0,0,ACTION|DRAMA|ROMANCE
207,0,0,0,0,1,0,0,0,0,0,1,0,0,0,0,0,0,0,COMEDY|HORROR
208,0,0,0,0,1,0,0,1,0,0,0,1,0,0,0,0,0,0,COMEDY|DRAMA|MUSICAL
209,1,1,0,0,0,0,0,0,0,0,0,0,0,0,0,0,0,0,ACTION|ADVENTURE
210,0,0,0,0,1,0,0,0,0,0,0,0,0,0,0,0,1,0,COMEDY|WAR
211,0,0,0,0,0,0,0,1,0,0,0,0,0,0,0,0,0,0,DRAMA
212,0,0,0,0,0,0,0,1,0,0,0,0,0,1,0,0,0,0,DRAMA|ROMANCE
213,0,0,0,0,0,0,0,1,0,0,0,1,0,0,0,0,1,0,DRAMA|MUSICAL|WAR
214,0,0,0,0,0,0,0,1,0,0,0,0,0,0,0,0,0,0,DRAMA
215,0,0,0,0,1,0,0,0,0,0,0,0,0,1,0,0,0,0,COMEDY|ROMANCE
216,0,0,0,0,0,0,0,0,0,0,1,0,0,1,0,0,0,0,HORROR|ROMANCE
217,0,0,0,0,0,0,0,0,0,0,0,0,0,0,0,1,0,0,THIRILLER
218,0,0,0,0,0,0,0,0,0,0,1,0,0,0,0,0,0,0,HORROR
219,0,0,0,0,1,0,0,0,0,0,0,0,0,1,0,0,0,0,COMEDY|ROMANCE
220,0,0,0,0,0,0,0,1,0,0,0,0,0,0,0,0,0,0,DRAMA
221,1,1,0,0,0,0,0,0,0,0,0,0,0,0,1,0,0,0,ACTION|ADVENTURE|SCIFI
222,0,0,0,0,0,0,0,1,0,0,0,0,0,0,0,1,0,0,DRAMA|THIRILLER
223,0,0,0,0,0,0,0,1,0,0,0,0,0,0,0,0,0,0,DRAMA
224,0,0,0,1,1,0,0,0,0,0,0,0,0,0,0,0,0,0,CHILDREN|COMEDY
225,1,0,0,0,0,0,0,0,0,0,0,0,0,0,0,1,0,0,ACTION|THIRILLER
226,1,1,0,0,0,0,0,0,0,0,0,0,0,0,1,0,0,0,ACTION|ADVENTURE|SCIFI
227,1,1,0,0,0,0,0,0,0,0,0,0,0,0,1,0,0,0,ACTION|ADVENTURE|SCIFI
228,1,1,0,0,0,0,0,0,0,0,0,0,0,0,1,0,0,0,ACTION|ADVENTURE|SCIFI
229,1,1,0,0,0,0,0,0,0,0,0,0,0,0,1,0,0,0,ACTION|ADVENTURE|SCIFI
230,1,1,0,0,1,1,0,0,0,0,0,0,0,0,0,0,0,0,ACTION|ADVENTURE|COMEDY|CRIME
231,1,0,0,0,1,0,0,0,0,0,0,0,0,0,0,0,0,1,ACTION|COMEDY|WESTERN
232,1,0,0,0,0,0,0,0,0,0,0,0,0,0,0,0,0,0,ACTION
233,1,0,0,0,0,0,0,0,0,0,1,0,0,0,0,0,0,0,ACTION|HORROR
234,1,0,0,0,1,0,0,0,0,0,0,0,0,0,1,0,1,0,ACTION|COMEDY|SCIFI|WAR
235,0,0,0,0,1,0,0,1,0,0,0,0,0,0,0,0,0,0,COMEDY|DRAMA
236,0,0,0,0,0,0,0,1,0,0,0,0,0,1,0,0,0,0,DRAMA|ROMANCE
237,0,0,0,0,1,0,0,0,0,0,0,0,0,0,0,0,0,0,COMEDY
238,0,0,0,0,0,1,0,1,0,0,0,0,0,0,1,0,0,0,CRIME|DRAMA|SCIFI
239,0,0,1,0,1,0,0,0,0,0,0,0,0,0,0,0,0,0,ANIMATION|COMEDY
240,1,0,0,0,0,0,0,0,0,0,0,0,0,1,0,0,1,0,ACTION|ROMANCE|WAR
241,0,0,0,0,1,0,0,0,0,0,0,0,0,0,0,0,0,0,COMEDY
242,0,0,0,1,1,0,0,0,0,0,0,0,0,0,0,0,0,0,CHILDREN|COMEDY
243,1,0,0,0,0,0,0,1,0,0,0,0,0,0,0,1,0,0,ACTION|DRAMA|THIRILLER
244,1,0,0,0,0,0,0,1,0,0,0,0,0,0,0,1,1,0,ACTION|DRAMA|THIRILLER|WAR
245,0,0,0,0,0,0,0,1,0,0,0,0,0,1,0,0,0,0,DRAMA|ROMANCE
246,1,1,0,1,0,0,0,0,0,0,0,0,0,0,0,0,0,0,ACTION|ADVENTURE|CHILDREN
247,0,0,0,0,1,1,0,0,0,0,0,0,0,0,0,0,0,0,COMEDY|CRIME
248,0,0,0,0,1,0,0,0,0,0,0,0,0,0,0,0,0,0,COMEDY
249,1,0,0,0,0,0,0,0,0,0,0,0,0,0,1,0,0,0,ACTION|SCIFI
250,0,0,0,0,1,0,0,0,0,0,0,0,0,0,0,0,0,0,COMEDY
251,1,1,0,0,0,0,0,0,0,0,0,0,0,0,1,1,0,0,ACTION|ADVENTURE|SCIFI|THIRILLER
252,0,0,0,0,0,0,0,1,0,0,0,0,0,1,0,0,0,0,DRAMA|ROMANCE
253,1,1,0,0,0,1,0,0,0,0,0,0,0,0,0,0,0,0,ACTION|ADVENTURE|CRIME
254,0,0,0,0,1,0,0,0,0,0,0,0,0,1,0,0,0,0,COMEDY|ROMANCE
255,0,0,0,0,1,0,0,0,0,0,0,0,0,1,0,0,0,0,COMEDY|ROMANCE
256,1,1,0,0,1,0,0,0,0,0,0,0,0,0,1,0,0,0,ACTION|ADVENTURE|COMEDY|SCIFI
257,0,0,0,0,0,0,0,1,0,0,0,0,0,0,1,0,0,0,DRAMA|SCIFI
258,0,0,0,1,1,0,0,0,0,0,0,0,0,0,0,0,0,0,CHILDREN|COMEDY
259,1,0,0,0,0,0,0,0,0,0,0,0,1,0,1,1,0,0,ACTION|MYSTERY|SCIFI|THIRILLER
260,0,0,0,1,1,0,0,0,0,0,0,0,0,0,0,0,0,0,CHILDREN|COMEDY
261,0,0,0,0,0,0,0,1,0,0,0,0,0,0,0,0,0,0,DRAMA
262,1,0,0,0,0,0,0,0,0,0,0,0,0,0,0,0,0,0,ACTION
263,0,0,0,0,0,0,0,0,0,0,0,0,0,0,1,1,0,0,SCIFI|THIRILLER
264,1,0,0,0,0,0,0,0,0,0,0,0,0,0,0,1,0,0,ACTION|THIRILLER
265,1,1,0,0,0,0,0,0,0,0,0,0,0,0,0,0,0,0,ACTION|ADVENTURE
266,0,0,0,0,0,0,0,0,0,0,0,0,0,0,0,0,0,0,
267,0,0,0,0,0,0,0,1,0,0,0,0,0,1,0,0,0,0,DRAMA|ROMANCE
268,0,0,0,0,1,0,0,0,0,0,0,0,0,0,0,0,0,0,COMEDY
269,0,0,0,0,0,0,0,1,0,0,0,0,0,0,1,1,0,0,DRAMA|SCIFI|THIRILLER
270,1,1,0,0,0,0,0,0,0,0,0,0,0,0,1,0,1,0,ACTION|ADVENTURE|SCIFI|WAR
271,0,0,0,0,0,0,0,1,0,0,0,0,0,0,0,0,0,0,DRAMA
272,1,0,0,0,0,1,0,0,0,0,0,0,0,0,0,1,0,0,ACTION|CRIME|THIRILLER
273,0,0,0,0,1,0,0,0,0,0,0,0,0,1,0,0,0,0,COMEDY|ROMANCE
274,0,0,0,0,0,0,0,1,0,0,0,0,0,1,0,0,0,0,DRAMA|ROMANCE
275,0,0,0,0,0,0,0,1,0,0,0,0,0,1,0,0,0,0,DRAMA|ROMANCE
276,0,0,0,0,0,0,0,1,0,0,0,0,0,0,0,0,0,0,DRAMA
277,0,0,0,0,0,0,0,1,0,0,0,0,0,1,0,0,0,0,DRAMA|ROMANCE
278,0,0,0,0,0,0,0,1,0,0,0,0,0,0,0,0,0,0,DRAMA
279,0,0,0,0,0,0,0,1,0,0,0,0,0,1,0,0,0,0,DRAMA|ROMANCE
280,1,0,0,0,0,0,0,0,0,0,0,0,0,0,0,1,0,0,ACTION|THIRILLER
281,0,0,0,0,0,0,0,1,0,0,0,0,0,0,0,0,0,0,DRAMA
282,0,0,0,0,0,0,0,1,0,0,0,0,0,1,0,0,0,0,DRAMA|ROMANCE
283,0,0,0,0,1,0,0,0,0,0,0,0,0,1,0,0,0,0,COMEDY|ROMANCE
284,0,0,0,0,0,0,0,1,0,0,0,0,0,0,0,0,0,0,DRAMA
285,0,0,0,0,0,0,0,1,0,0,0,0,0,1,0,0,1,0,DRAMA|ROMANCE|WAR
286,0,0,0,0,0,0,0,1,0,0,0,0,0,0,0,0,0,0,DRAMA
287,0,0,0,0,0,0,0,0,0,0,1,0,0,0,0,1,0,0,HORROR|THIRILLER
288,0,0,0,0,0,0,0,1,0,0,0,1,0,0,0,0,0,0,DRAMA|MUSICAL
289,0,0,0,0,1,0,0,0,0,0,0,0,0,0,0,0,0,0,COMEDY
290,0,0,0,0,0,0,0,0,0,0,0,0,1,0,0,1,0,0,MYSTERY|THIRILLER
291,0,0,0,0,0,0,0,1,0,0,0,0,0,0,0,0,0,0,DRAMA
292,0,0,0,0,0,1,0,1,0,0,0,0,0,0,0,0,0,0,CRIME|DRAMA
293,0,0,0,0,1,0,0,0,0,0,0,0,0,0,0,0,0,0,COMEDY
294,1,0,0,0,0,0,0,0,0,0,0,0,0,0,0,1,0,0,ACTION|THIRILLER
295,0,0,0,0,0,0,0,1,0,0,0,0,0,0,0,0,0,0,DRAMA
296,0,0,0,0,0,0,0,1,0,0,0,0,0,0,0,0,0,0,DRAMA
297,1,0,0,0,0,0,0,0,0,0,0,0,0,0,1,1,0,0,ACTION|SCIFI|THIRILLER
298,0,0,0,0,0,1,0,1,0,1,0,0,0,0,0,0,0,0,CRIME|DRAMA|FILM NOIR
299,1,0,0,0,0,0,0,0,0,0,0,0,0,0,0,1,0,0,ACTION|THIRILLER
300,0,0,0,0,1,0,0,0,0,0,0,0,0,0,0,0,0,0,COMEDY
301,0,0,0,0,0,1,0,0,0,1,0,0,1,0,0,1,0,0,CRIME|FILM NOIR|MYSTERY|THIRILLER
302,0,0,0,0,0,0,0,1,0,0,0,0,0,0,0,0,0,0,DRAMA
303,0,1,0,1,0,0,0,0,0,0,0,0,0,0,0,0,0,0,ADVENTURE|CHILDREN
304,0,0,0,0,0,0,0,1,0,0,0,0,0,0,0,0,0,0,DRAMA
305,0,0,0,0,0,0,0,1,0,0,0,0,0,1,0,0,0,0,DRAMA|ROMANCE
306,0,0,0,0,0,1,0,0,0,0,1,0,1,0,0,1,0,0,CRIME|HORROR|MYSTERY|THIRILLER
307,0,0,0,1,0,0,0,1,1,0,0,0,0,0,0,0,0,0,CHILDREN|DRAMA|FANTASY
308,0,0,0,0,0,1,0,0,0,0,0,0,0,0,0,0,0,0,CRIME
309,0,0,0,0,0,0,0,1,0,0,0,0,0,0,0,0,0,0,DRAMA
310,0,0,0,0,0,0,0,1,0,0,0,0,0,1,0,1,0,0,DRAMA|ROMANCE|THIRILLER
311,0,0,0,0,1,1,0,1,0,0,0,0,1,0,0,0,0,0,COMEDY|CRIME|DRAMA|MYSTERY
312,1,0,0,0,0,0,0,1,0,0,0,0,0,1,0,0,0,0,ACTION|DRAMA|ROMANCE
313,1,0,0,1,0,0,0,0,0,0,0,0,0,0,0,0,0,0,ACTION|CHILDREN
314,0,0,0,0,0,0,0,1,0,0,0,0,0,0,0,1,0,0,DRAMA|THIRILLER
315,0,0,0,0,1,0,0,1,0,0,0,0,0,0,0,0,0,0,COMEDY|DRAMA
316,0,0,0,0,0,0,0,1,0,0,0,0,0,0,0,0,0,0,DRAMA
317,0,0,0,0,0,0,0,1,0,0,0,0,0,0,0,0,1,0,DRAMA|WAR
318,0,0,0,0,1,0,0,0,0,0,0,1,0,1,0,0,0,0,COMEDY|MUSICAL|ROMANCE
319,0,0,0,0,0,0,1,0,0,0,0,0,0,0,0,0,0,0,DOCUMENTRY
320,0,0,0,0,1,0,0,0,0,0,0,0,0,0,0,0,0,0,COMEDY
321,0,0,0,0,0,0,0,0,0,0,0,0,1,0,0,1,0,0,MYSTERY|THIRILLER
322,1,0,0,0,0,0,0,0,0,0,0,0,0,0,0,1,0,0,ACTION|THIRILLER
323,0,0,0,0,0,0,0,0,0,0,0,0,1,0,0,0,0,0,MYSTERY
324,0,0,0,0,0,0,0,1,0,0,0,0,0,0,0,1,0,0,DRAMA|THIRILLER
325,1,0,0,0,0,0,0,1,0,0,0,0,0,0,0,0,1,0,ACTION|DRAMA|WAR
326,0,0,0,0,0,1,0,1,0,0,0,0,1,0,0,0,0,0,CRIME|DRAMA|MYSTERY
327,1,0,0,0,0,0,0,0,0,0,0,0,1,1,0,1,0,0,ACTION|MYSTERY|ROMANCE|THIRILLER
328,0,0,0,0,0,1,0,1,0,0,0,0,0,0,0,1,0,0,CRIME|DRAMA|THIRILLER
329,0,0,0,0,0,0,0,1,0,0,0,0,0,0,0,0,0,0,DRAMA
330,0,1,0,0,0,0,0,0,0,0,0,0,0,0,0,1,0,0,ADVENTURE|THIRILLER
331,0,0,0,0,0,1,0,1,0,0,0,0,0,0,0,1,0,0,CRIME|DRAMA|THIRILLER
332,0,0,0,0,0,0,0,0,0,0,0,0,1,0,0,1,0,0,MYSTERY|THIRILLER
333,1,0,0,0,0,1,0,0,0,0,0,0,1,0,0,0,0,0,ACTION|CRIME|MYSTERY
334,0,0,0,0,1,0,0,0,0,0,0,0,0,0,0,0,0,0,COMEDY
335,0,0,0,0,0,1,0,0,0,0,0,0,0,0,0,1,0,0,CRIME|THIRILLER
336,0,0,0,0,1,0,0,1,0,0,0,0,0,0,0,1,0,0,COMEDY|DRAMA|THIRILLER
337,0,0,0,0,1,0,0,0,0,0,0,0,0,0,0,0,0,0,COMEDY
338,1,0,0,0,0,0,0,1,0,0,0,0,0,0,0,0,0,0,ACTION|DRAMA
339,0,0,0,0,0,0,0,1,0,0,0,0,0,0,0,0,0,0,DRAMA
340,0,0,0,0,1,0,0,0,0,0,0,0,0,0,0,0,0,0,COMEDY
341,0,0,0,0,1,0,0,0,0,0,0,0,1,0,0,0,0,0,COMEDY|MYSTERY
342,1,0,0,0,0,0,0,0,0,0,1,0,0,0,1,0,0,0,ACTION|HORROR|SCIFI
343,0,0,0,0,0,0,0,1,0,0,0,0,0,0,0,0,0,0,DRAMA
344,0,0,0,0,1,0,0,1,0,0,0,0,0,0,0,0,0,0,COMEDY|DRAMA
345,0,0,0,0,0,1,0,1,0,0,0,0,0,0,0,0,0,0,CRIME|DRAMA
346,0,0,0,0,1,0,0,1,0,0,0,0,0,0,0,0,0,0,COMEDY|DRAMA
347,0,0,0,0,0,1,0,1,0,0,0,0,0,0,0,1,0,0,CRIME|DRAMA|THIRILLER
348,1,0,0,0,0,0,0,0,0,0,0,0,0,0,0,1,0,0,ACTION|THIRILLER
349,1,0,0,0,0,0,0,0,0,0,0,0,1,0,0,1,0,0,ACTION|MYSTERY|THIRILLER
350,0,0,0,0,0,0,0,0,0,0,1,0,0,0,0,0,0,0,HORROR
351,0,0,0,0,1,0,0,0,0,0,0,1,0,0,0,0,0,0,COMEDY|MUSICAL
352,1,0,0,0,0,0,0,0,0,0,1,0,0,0,1,0,0,0,ACTION|HORROR|SCIFI
353,0,0,0,0,1,0,0,0,0,0,0,0,0,1,0,0,0,0,COMEDY|ROMANCE
354,0,1,0,0,0,0,0,0,0,0,0,0,0,0,1,1,0,0,ADVENTURE|SCIFI|THIRILLER
355,0,0,0,0,0,0,0,1,0,0,0,0,1,0,0,1,0,0,DRAMA|MYSTERY|THIRILLER
356,0,0,0,0,0,0,0,1,0,0,0,0,0,0,0,0,0,0,DRAMA
357,1,1,0,0,0,0,0,0,0,0,0,0,0,0,1,1,0,0,ACTION|ADVENTURE|SCIFI|THIRILLER
358,0,0,0,0,0,0,0,0,0,0,0,0,0,0,0,1,0,0,THIRILLER
359,0,0,0,0,0,0,1,0,0,0,0,0,0,0,0,0,0,0,DOCUMENTRY
360,0,0,0,0,0,1,0,0,0,0,0,0,0,0,0,1,0,0,CRIME|THIRILLER
361,1,0,0,0,1,0,0,0,0,0,0,1,0,0,0,0,0,0,ACTION|COMEDY|MUSICAL
362,1,0,0,0,0,0,0,0,0,0,0,0,0,0,0,0,0,0,ACTION
363,0,0,0,0,1,0,0,0,0,0,0,0,0,0,0,0,0,0,COMEDY
364,0,0,0,0,0,0,0,1,0,0,0,0,0,0,0,0,0,0,DRAMA
365,0,0,0,0,0,0,0,1,0,0,0,0,0,0,0,0,0,0,DRAMA
366,0,0,0,0,1,0,0,0,0,0,0,0,0,0,0,0,0,0,COMEDY
367,0,0,0,0,1,0,0,0,0,0,0,0,0,0,0,0,0,0,COMEDY
368,0,0,0,0,1,0,0,0,0,0,0,0,0,0,0,0,0,0,COMEDY
369,0,0,0,0,0,0,0,1,0,0,0,0,0,0,0,1,0,0,DRAMA|THIRILLER
370,0,0,0,0,0,0,0,1,0,0,0,0,0,1,0,0,0,0,DRAMA|ROMANCE
371,0,0,0,0,1,0,0,0,0,0,0,0,0,0,0,0,0,0,COMEDY
372,1,1,0,0,0,0,0,0,0,0,0,0,0,0,1,0,0,0,ACTION|ADVENTURE|SCIFI
373,1,0,0,1,0,0,0,0,0,0,0,0,0,0,0,0,0,0,ACTION|CHILDREN
374,0,0,0,0,0,0,0,1,0,0,0,0,0,0,0,0,0,0,DRAMA
375,0,0,0,0,1,0,0,0,0,0,0,0,0,0,0,0,0,0,COMEDY
376,0,0,0,1,1,0,0,0,0,0,0,0,0,0,0,0,0,0,CHILDREN|COMEDY
377,0,0,0,0,0,0,0,1,0,0,0,0,0,0,0,0,0,0,DRAMA
378,0,0,0,0,0,0,0,0,0,0,1,0,0,0,0,0,0,0,HORROR
379,1,1,0,0,0,0,0,0,0,0,0,0,0,0,1,0,0,0,ACTION|ADVENTURE|SCIFI
380,0,0,0,0,1,0,0,0,0,0,0,0,0,1,0,0,0,0,COMEDY|ROMANCE
381,0,0,0,0,1,0,0,1,0,0,0,0,0,0,0,0,0,0,COMEDY|DRAMA
382,0,0,0,1,1,0,0,0,0,0,0,0,0,0,0,0,0,0,CHILDREN|COMEDY
383,0,0,0,0,1,0,0,0,0,0,0,0,0,0,0,0,0,0,COMEDY
384,1,1,0,0,1,0,0,0,0,0,0,0,0,1,0,0,0,0,ACTION|ADVENTURE|COMEDY|ROMANCE
385,0,0,0,0,1,0,0,0,0,0,0,0,0,0,0,0,0,0,COMEDY
386,0,0,0,0,0,0,0,1,0,0,0,0,0,0,0,0,0,0,DRAMA
387,1,0,0,0,1,0,0,0,0,0,0,0,0,0,0,0,0,0,ACTION|COMEDY
388,0,1,0,1,0,0,0,0,0,0,0,0,0,0,0,0,0,0,ADVENTURE|CHILDREN
389,0,0,0,0,1,0,0,0,0,0,0,0,0,0,0,0,0,0,COMEDY
390,1,0,0,0,1,0,0,0,0,0,0,0,0,0,0,0,0,0,ACTION|COMEDY
391,0,0,0,0,0,0,0,1,0,0,0,0,0,0,0,0,0,0,DRAMA
392,0,0,0,0,1,0,0,0,0,0,0,0,0,0,0,0,0,0,COMEDY
393,0,0,0,0,1,0,0,0,0,0,0,0,1,1,0,0,0,0,COMEDY|MYSTERY|ROMANCE
394,0,0,0,0,1,0,0,0,0,0,0,0,0,0,0,0,0,0,COMEDY
395,0,0,0,0,1,1,0,0,0,0,1,0,0,0,0,0,0,0,COMEDY|CRIME|HORROR
396,1,0,0,0,0,0,0,0,0,0,0,0,0,0,0,0,0,0,ACTION
397,1,1,0,1,0,0,0,0,0,0,0,0,0,0,1,0,0,0,ACTION|ADVENTURE|CHILDREN|SCIFI
398,1,1,0,0,1,0,0,0,0,0,0,0,0,0,0,0,0,0,ACTION|ADVENTURE|COMEDY
399,0,0,0,1,1,0,0,0,0,0,0,0,0,0,0,0,0,0,CHILDREN|COMEDY
400,0,0,0,0,1,0,0,0,0,0,0,0,0,0,0,0,0,0,COMEDY
401,0,0,0,0,1,0,0,0,0,0,0,0,0,1,0,1,0,0,COMEDY|ROMANCE|THIRILLER
402,1,1,0,0,0,1,0,1,0,0,0,0,0,0,0,0,0,0,ACTION|ADVENTURE|CRIME|DRAMA
403,0,0,1,1,0,0,0,0,0,0,0,0,0,0,0,0,0,0,ANIMATION|CHILDREN
404,1,1,0,0,0,0,0,0,0,0,0,0,1,0,0,0,0,0,ACTION|ADVENTURE|MYSTERY
405,0,0,0,0,0,0,0,0,0,0,1,0,0,0,0,1,0,0,HORROR|THIRILLER
406,0,0,0,0,1,0,0,0,0,0,0,0,0,0,0,0,0,0,COMEDY
407,0,0,1,0,1,0,0,0,0,0,0,0,0,0,0,1,0,0,ANIMATION|COMEDY|THIRILLER
408,0,0,0,0,1,0,0,1,0,0,0,0,0,0,0,0,0,0,COMEDY|DRAMA
409,0,0,0,0,1,0,0,0,0,0,0,0,0,0,0,0,0,0,COMEDY
410,0,0,0,0,1,0,0,0,1,0,0,0,0,1,1,0,0,0,COMEDY|FANTASY|ROMANCE|SCIFI
411,0,0,0,0,1,0,0,0,0,0,0,0,0,0,0,0,0,0,COMEDY
412,0,0,0,0,0,0,0,0,0,0,1,0,0,0,0,0,0,0,HORROR
413,0,0,0,0,1,0,0,0,0,0,0,0,0,0,0,0,0,0,COMEDY
414,0,0,0,1,1,0,0,0,0,0,0,0,0,0,0,0,0,1,CHILDREN|COMEDY|WESTERN
415,0,0,0,1,0,0,0,1,0,0,0,0,0,0,0,0,0,0,CHILDREN|DRAMA
416,0,0,0,1,0,0,0,1,0,0,0,0,0,0,0,0,0,0,CHILDREN|DRAMA
417,0,0,1,1,0,0,0,0,0,0,0,1,0,0,0,0,0,0,ANIMATION|CHILDREN|MUSICAL
418,0,0,0,1,1,0,0,0,0,0,0,1,0,0,0,0,0,0,CHILDREN|COMEDY|MUSICAL
419,0,0,1,1,0,0,0,0,0,0,0,1,0,0,0,0,0,0,ANIMATION|CHILDREN|MUSICAL
420,0,0,0,0,0,0,0,1,0,0,0,0,0,1,0,0,0,0,DRAMA|ROMANCE
421,0,0,1,1,1,0,0,0,0,0,0,0,0,0,0,0,0,0,ANIMATION|CHILDREN|COMEDY
422,0,0,0,1,0,0,0,1,1,0,0,0,0,0,1,0,0,0,CHILDREN|DRAMA|FANTASY|SCIFI
423,0,0,0,0,0,0,0,0,0,0,1,0,0,0,0,0,0,0,HORROR
424,0,0,0,0,1,0,0,0,0,0,0,0,0,0,0,0,0,0,COMEDY
425,1,0,1,1,0,0,0,0,0,0,0,0,0,0,1,1,1,0,ACTION|ANIMATION|CHILDREN|SCIFI|THIRILLER|WAR
426,0,0,0,0,0,0,0,1,0,0,0,0,0,0,0,0,0,0,DRAMA
427,0,0,0,0,1,0,0,0,0,0,0,0,0,0,0,0,0,0,COMEDY
428,0,0,0,0,0,0,0,1,0,0,0,0,0,0,1,0,0,0,DRAMA|SCIFI
429,0,0,0,0,1,0,0,0,0,0,0,0,0,0,0,0,1,0,COMEDY|WAR
430,1,1,0,0,0,0,0,0,0,0,0,0,0,0,0,0,0,0,ACTION|ADVENTURE
431,0,0,1,1,0,0,0,0,0,0,0,1,0,0,0,0,0,0,ANIMATION|CHILDREN|MUSICAL
432,0,0,0,0,1,0,0,0,0,0,0,0,0,0,0,0,0,0,COMEDY
433,0,0,0,0,0,0,0,0,0,0,0,0,0,0,1,0,0,0,SCIFI
434,1,0,0,0,1,0,0,0,0,0,0,0,0,0,0,0,0,1,ACTION|COMEDY|WESTERN
435,0,0,0,0,0,0,0,0,0,0,1,0,0,0,0,0,0,0,HORROR
436,0,0,0,0,0,0,0,0,0,0,1,0,0,0,0,0,0,0,HORROR
437,0,0,0,0,0,0,0,0,0,0,1,0,0,0,0,0,0,0,HORROR
438,0,0,0,0,0,0,0,0,0,0,1,0,0,0,0,0,0,0,HORROR
439,0,0,0,0,0,0,0,0,0,0,1,0,0,0,0,0,0,0,HORROR
440,0,0,0,0,0,0,0,0,0,0,1,0,0,0,0,0,0,0,HORROR
441,0,0,0,0,0,0,0,0,0,0,1,0,0,0,0,0,0,0,HORROR
442,0,0,0,0,0,0,0,0,0,0,1,0,0,0,0,0,0,0,HORROR
443,0,0,0,0,0,0,0,0,0,0,1,0,0,0,1,0,0,0,HORROR|SCIFI
444,0,0,0,0,0,0,0,0,0,0,1,0,0,0,0,0,0,0,HORROR
445,0,0,0,0,0,0,0,0,0,0,1,0,0,0,0,0,0,0,HORROR
446,0,0,0,0,0,0,0,0,0,0,1,0,0,0,0,0,0,0,HORROR
447,0,0,0,0,0,0,0,0,0,0,1,0,0,0,0,0,0,0,HORROR
448,1,1,0,0,0,0,0,0,0,0,0,0,0,0,1,0,0,0,ACTION|ADVENTURE|SCIFI
449,1,1,0,0,0,0,0,0,0,0,0,0,0,0,1,0,0,0,ACTION|ADVENTURE|SCIFI
450,0,0,0,0,1,0,0,0,0,0,0,1,0,1,0,0,0,0,COMEDY|MUSICAL|ROMANCE
451,1,0,0,0,0,0,0,0,0,0,1,0,0,0,0,0,0,0,ACTION|HORROR
452,1,0,0,0,0,0,0,0,0,0,1,0,0,0,0,0,0,0,ACTION|HORROR
453,0,0,0,0,0,0,0,1,0,0,0,0,0,0,0,0,0,0,DRAMA
454,1,0,0,0,0,0,0,0,0,0,0,0,0,0,0,0,0,0,ACTION
455,1,0,0,0,1,0,0,0,0,0,0,0,0,0,0,0,0,0,ACTION|COMEDY
456,0,1,0,1,0,0,0,1,0,0,0,0,0,0,0,0,0,0,ADVENTURE|CHILDREN|DRAMA
457,0,0,0,0,0,0,0,1,0,0,0,0,0,0,0,0,0,0,DRAMA
458,0,0,0,0,0,0,0,1,0,0,0,0,0,0,0,0,0,0,DRAMA
459,0,0,0,0,0,0,0,1,0,0,0,0,0,0,0,0,0,0,DRAMA
460,0,0,0,0,0,0,0,1,0,0,0,0,0,0,0,0,0,0,DRAMA
461,0,0,0,0,0,0,0,1,0,0,0,0,0,1,0,0,0,0,DRAMA|ROMANCE
462,0,1,0,0,0,0,0,0,0,0,0,0,0,0,0,0,0,0,ADVENTURE
463,0,0,0,0,0,0,0,1,0,0,0,0,0,0,0,0,0,0,DRAMA
464,0,1,0,1,0,0,0,0,0,0,0,0,0,1,0,0,0,0,ADVENTURE|CHILDREN|ROMANCE
465,0,0,0,0,0,0,0,0,0,0,0,0,0,0,0,1,0,0,THIRILLER
466,0,0,0,0,0,0,0,1,0,0,0,0,0,0,0,0,0,0,DRAMA
467,0,0,0,0,0,0,0,1,0,0,0,0,0,0,0,0,0,0,DRAMA
468,0,0,0,0,0,0,0,1,0,0,0,0,0,0,0,0,0,0,DRAMA
469,0,0,0,0,0,0,0,0,0,0,0,0,0,0,0,0,0,1,WESTERN
470,0,0,0,0,0,0,0,1,0,0,0,0,0,0,0,0,1,0,DRAMA|WAR
471,1,1,0,0,0,0,0,0,1,0,0,0,0,0,0,0,0,0,ACTION|ADVENTURE|FANTASY
472,0,0,1,1,0,0,0,0,0,0,0,1,0,0,0,0,0,0,ANIMATION|CHILDREN|MUSICAL
473,0,0,0,0,0,0,0,0,0,0,0,0,0,0,1,0,1,0,SCIFI|WAR
474,0,0,0,0,0,0,0,1,0,0,0,0,0,0,0,0,0,0,DRAMA
475,0,0,0,0,1,0,0,0,0,0,0,0,0,0,0,0,0,0,COMEDY
476,0,0,0,1,1,0,0,0,0,0,0,0,0,0,0,0,0,0,CHILDREN|COMEDY
477,0,0,0,0,1,0,0,0,0,0,0,0,0,1,0,0,0,0,COMEDY|ROMANCE
478,0,0,0,0,0,0,0,0,0,0,0,0,1,0,0,1,0,0,MYSTERY|THIRILLER
479,0,0,0,0,1,0,0,0,0,0,0,0,0,0,0,1,0,0,COMEDY|THIRILLER
480,0,0,0,0,1,0,0,1,0,0,0,0,0,0,0,0,0,0,COMEDY|DRAMA
481,0,0,0,0,1,1,0,0,0,0,0,0,0,0,0,0,0,0,COMEDY|CRIME
482,0,0,0,0,0,0,0,1,0,0,0,0,0,1,0,0,1,0,DRAMA|ROMANCE|WAR
483,0,0,0,0,0,0,0,0,0,1,0,0,1,0,0,0,0,0,FILM NOIR|MYSTERY
484,0,0,0,0,0,0,0,0,0,0,0,1,0,1,0,0,0,0,MUSICAL|ROMANCE
485,0,0,0,0,1,0,0,0,0,0,0,0,0,1,0,0,0,0,COMEDY|ROMANCE
486,0,0,0,0,1,0,0,0,0,0,0,0,0,1,0,0,0,0,COMEDY|ROMANCE
487,0,0,0,0,0,0,0,0,0,1,0,0,0,0,0,0,0,0,FILM NOIR
488,0,0,0,0,0,0,0,0,0,1,0,0,0,1,0,1,0,0,FILM NOIR|ROMANCE|THIRILLER
489,0,0,0,0,1,0,0,0,0,0,0,0,0,1,0,1,0,0,COMEDY|ROMANCE|THIRILLER
490,1,1,0,0,0,0,0,0,0,0,0,0,0,0,0,0,0,0,ACTION|ADVENTURE
491,0,0,0,0,0,0,0,1,0,0,0,0,0,0,0,0,0,0,DRAMA
492,0,0,0,0,0,0,0,0,0,0,0,0,1,0,0,0,0,0,MYSTERY
493,0,0,0,0,1,0,0,0,0,0,0,0,0,0,0,0,0,0,COMEDY
494,0,1,0,0,1,0,0,0,0,0,0,0,0,0,0,0,0,0,ADVENTURE|COMEDY
495,0,0,0,0,0,0,0,1,0,0,0,0,0,0,0,0,0,0,DRAMA
496,0,0,0,0,1,0,0,0,0,0,0,0,0,0,0,0,0,0,COMEDY
497,1,1,0,0,0,0,0,0,0,0,0,0,0,1,0,0,1,0,ACTION|ADVENTURE|ROMANCE|WAR
498,0,0,0,0,0,0,0,1,0,0,0,0,0,0,0,0,0,0,DRAMA
499,0,1,0,1,0,0,0,0,0,0,0,0,0,0,0,0,0,0,ADVENTURE|CHILDREN
500,0,0,1,1,0,0,0,0,0,0,0,1,0,0,0,0,0,0,ANIMATION|CHILDREN|MUSICAL
501,0,0,0,0,1,0,0,0,0,0,0,0,0,0,0,0,1,0,COMEDY|WAR
502,0,0,0,0,0,0,0,1,0,0,0,0,0,0,0,0,0,0,DRAMA
503,0,0,0,0,0,1,0,1,0,0,0,0,0,0,0,0,0,0,CRIME|DRAMA
504,0,0,0,0,0,0,0,0,0,0,0,0,1,0,0,1,0,0,MYSTERY|THIRILLER
505,0,0,0,0,0,0,0,1,0,0,0,0,0,0,0,0,0,0,DRAMA
506,0,0,0,0,0,0,0,1,0,0,0,0,0,0,0,0,0,0,DRAMA
507,0,0,0,0,0,0,0,1,0,0,0,0,0,0,0,0,0,0,DRAMA
508,0,0,0,0,0,0,0,1,0,0,0,0,0,0,0,0,0,0,DRAMA
509,1,0,0,0,0,0,0,1,0,0,0,0,0,0,0,0,0,1,ACTION|DRAMA|WESTERN
510,0,1,0,0,0,0,0,0,0,0,0,0,0,0,0,0,1,0,ADVENTURE|WAR
511,0,0,0,0,1,0,0,1,0,0,0,0,0,1,0,0,0,0,COMEDY|DRAMA|ROMANCE
512,0,0,0,0,0,0,0,0,0,0,0,0,1,0,0,1,0,0,MYSTERY|THIRILLER
513,0,0,0,0,1,0,0,0,0,0,0,0,0,1,0,0,0,0,COMEDY|ROMANCE
514,1,0,0,0,0,0,0,1,0,0,0,0,0,0,0,0,1,0,ACTION|DRAMA|WAR
515,0,0,0,0,1,0,0,0,0,0,0,0,0,0,0,0,0,0,COMEDY
516,0,0,0,0,1,0,0,1,0,0,0,0,0,1,0,0,0,0,COMEDY|DRAMA|ROMANCE
517,0,0,0,0,0,0,0,1,0,0,0,0,0,0,0,0,0,0,DRAMA
518,0,1,0,0,0,0,0,0,0,0,0,0,0,0,0,0,0,0,ADVENTURE
519,0,1,0,0,0,0,0,0,0,0,0,0,0,0,0,0,1,0,ADVENTURE|WAR
520,0,0,0,0,0,0,0,1,0,0,0,0,0,0,0,0,1,0,DRAMA|WAR
521,0,0,0,0,1,0,0,1,0,0,0,0,0,0,0,0,0,0,COMEDY|DRAMA
522,0,0,0,0,1,0,0,1,0,0,0,0,0,0,0,0,0,0,COMEDY|DRAMA
523,0,0,0,0,1,0,0,0,0,0,0,0,0,0,0,0,0,0,COMEDY
524,0,0,0,0,0,0,0,0,0,1,0,0,1,0,0,0,0,0,FILM NOIR|MYSTERY
525,1,1,0,0,0,0,0,1,0,0,0,0,0,0,0,0,0,0,ACTION|ADVENTURE|DRAMA
526,0,0,0,0,0,0,0,1,0,0,0,0,0,0,0,0,0,0,DRAMA
527,0,0,0,0,0,0,0,1,0,0,0,0,0,0,0,0,1,0,DRAMA|WAR
528,0,0,0,0,0,0,0,1,0,0,0,0,0,0,0,0,0,0,DRAMA
529,0,1,0,0,0,0,0,0,0,0,0,0,0,0,0,0,0,0,ADVENTURE
530,0,0,0,0,0,0,0,1,0,0,0,0,0,1,0,0,0,0,DRAMA|ROMANCE
531,0,0,0,0,0,0,0,0,0,0,0,0,0,1,0,0,0,0,ROMANCE
532,0,0,0,0,0,0,0,0,0,0,0,0,1,0,0,0,0,0,MYSTERY
533,0,0,0,0,0,0,0,1,0,0,0,0,0,0,0,0,0,0,DRAMA
534,0,0,0,0,1,0,0,0,0,0,0,0,0,1,0,0,0,0,COMEDY|ROMANCE
535,0,0,0,0,0,0,0,1,0,0,0,0,0,0,0,0,0,0,DRAMA
536,0,0,0,0,0,0,0,1,0,0,0,0,0,0,0,0,0,0,DRAMA
537,0,0,1,1,0,0,0,0,0,0,0,1,0,0,0,0,0,0,ANIMATION|CHILDREN|MUSICAL
538,0,0,0,1,1,0,0,0,0,0,0,0,0,0,0,0,0,0,CHILDREN|COMEDY
539,1,0,0,0,0,0,0,0,0,0,0,0,0,0,0,0,0,0,ACTION
540,1,1,0,0,0,0,0,0,0,0,0,0,0,0,0,0,0,0,ACTION|ADVENTURE
541,0,0,1,1,0,0,0,0,0,0,0,1,0,1,0,0,0,0,ANIMATION|CHILDREN|MUSICAL|ROMANCE
542,0,0,0,0,0,0,0,1,0,0,0,1,0,0,0,0,0,0,DRAMA|MUSICAL
543,0,0,0,0,0,1,0,1,0,0,0,0,0,1,0,0,0,0,CRIME|DRAMA|ROMANCE
544,0,0,0,0,1,0,0,0,0,0,0,0,0,1,0,0,0,0,COMEDY|ROMANCE
545,1,0,0,0,0,0,0,0,0,0,0,0,0,0,0,1,0,0,ACTION|THIRILLER
546,0,0,0,0,0,1,0,0,0,0,0,0,0,0,0,0,0,0,CRIME
547,0,0,0,1,0,0,0,0,1,0,0,0,0,0,0,0,0,0,CHILDREN|FANTASY
548,0,0,0,0,0,0,0,1,0,0,0,0,0,1,0,0,1,0,DRAMA|ROMANCE|WAR
549,1,0,0,0,0,0,0,0,0,0,0,0,0,0,0,1,0,0,ACTION|THIRILLER
550,0,0,0,0,0,0,0,0,0,0,1,0,0,0,0,0,0,0,HORROR
551,0,0,0,0,0,0,0,0,0,0,0,0,0,0,1,0,0,0,SCIFI
552,0,0,0,0,0,0,0,1,0,0,0,0,0,1,0,0,0,0,DRAMA|ROMANCE
553,1,1,0,0,0,0,0,0,0,0,0,0,0,0,0,0,0,0,ACTION|ADVENTURE
554,0,0,0,0,0,0,0,1,0,0,0,0,0,0,0,0,0,0,DRAMA
555,0,0,0,0,0,0,0,0,0,0,0,0,0,0,0,0,0,1,WESTERN
556,0,0,0,0,0,0,0,1,0,0,0,1,0,0,0,0,0,0,DRAMA|MUSICAL
557,0,0,0,0,0,0,0,1,1,0,0,0,0,0,0,1,0,0,DRAMA|FANTASY|THIRILLER
558,0,0,0,0,0,0,0,1,0,0,1,0,0,0,0,0,0,0,DRAMA|HORROR
559,0,1,0,1,1,0,0,0,1,0,0,0,0,1,1,0,0,0,ADVENTURE|CHILDREN|COMEDY|FANTASY|ROMANCE|SCIFI
560,0,0,0,0,0,0,0,1,0,0,1,0,0,0,0,0,0,0,DRAMA|HORROR
561,1,1,0,0,0,0,0,0,0,0,0,0,0,0,0,0,0,1,ACTION|ADVENTURE|WESTERN
562,0,0,0,0,0,0,0,0,0,0,1,0,0,0,0,0,0,0,HORROR
563,0,0,0,0,1,0,0,0,0,0,1,0,0,0,0,0,0,0,COMEDY|HORROR
564,0,0,0,0,0,0,0,0,0,0,1,0,0,0,0,1,0,0,HORROR|THIRILLER
565,1,1,0,0,0,0,0,0,0,0,0,0,0,0,0,1,0,0,ACTION|ADVENTURE|THIRILLER
566,0,0,0,0,0,0,0,0,0,0,1,0,0,0,0,0,0,0,HORROR
567,1,0,0,0,0,0,0,0,0,0,0,0,0,1,0,1,0,0,ACTION|ROMANCE|THIRILLER
568,0,0,0,0,0,0,0,1,0,0,1,0,0,0,0,0,0,0,DRAMA|HORROR
569,0,0,0,0,0,0,0,0,0,0,0,0,0,0,0,0,0,1,WESTERN
570,0,0,0,0,1,0,0,0,0,0,0,0,0,0,0,1,0,0,COMEDY|THIRILLER
571,1,0,0,0,0,0,0,0,0,0,0,0,0,0,0,1,0,0,ACTION|THIRILLER
572,0,0,0,0,0,0,0,0,0,0,1,0,0,0,1,1,0,0,HORROR|SCIFI|THIRILLER
573,0,0,0,0,0,0,0,0,0,0,0,0,1,1,0,1,0,0,MYSTERY|ROMANCE|THIRILLER
574,0,0,0,0,1,0,0,0,0,0,0,0,0,0,0,0,0,1,COMEDY|WESTERN
575,1,1,0,0,0,1,0,0,0,0,0,0,0,0,0,0,0,0,ACTION|ADVENTURE|CRIME
576,0,0,0,0,1,0,0,0,0,0,0,0,0,0,1,0,0,0,COMEDY|SCIFI
577,1,0,0,0,0,0,0,0,0,0,0,0,0,0,1,0,0,0,ACTION|SCIFI
578,0,0,0,0,1,0,0,0,0,0,0,0,0,0,0,0,0,0,COMEDY
579,0,0,0,0,1,0,0,0,0,0,0,0,0,1,0,0,0,0,COMEDY|ROMANCE
580,0,0,0,0,0,0,0,1,0,0,0,0,0,0,0,1,0,0,DRAMA|THIRILLER
581,0,0,0,0,0,0,0,1,0,0,0,0,0,1,0,0,0,0,DRAMA|ROMANCE
582,0,0,0,0,0,1,0,0,0,0,0,0,0,0,0,1,0,0,CRIME|THIRILLER
583,0,0,0,1,0,0,0,1,0,0,0,0,0,0,0,0,0,0,CHILDREN|DRAMA
584,0,0,0,0,1,0,0,0,0,0,0,0,0,0,0,0,0,0,COMEDY
585,1,0,0,0,0,0,0,0,0,0,0,0,0,0,0,0,0,0,ACTION
586,0,0,0,0,0,0,0,1,0,0,0,0,1,0,0,0,0,0,DRAMA|MYSTERY
587,0,0,1,1,0,0,0,0,0,0,0,1,0,0,0,0,0,0,ANIMATION|CHILDREN|MUSICAL
588,0,0,0,0,0,0,0,0,0,0,0,0,0,0,0,0,0,1,WESTERN
589,1,0,0,0,0,0,0,0,0,0,1,0,0,0,1,0,0,0,ACTION|HORROR|SCIFI
590,0,0,0,0,0,0,0,1,0,0,0,0,0,0,0,1,0,0,DRAMA|THIRILLER
591,0,0,0,0,0,0,0,0,0,0,0,0,1,0,0,1,0,0,MYSTERY|THIRILLER
592,0,0,0,0,0,0,0,0,0,0,0,0,0,0,0,0,1,0,WAR
593,0,0,0,0,0,0,0,1,0,0,0,0,0,1,0,0,0,0,DRAMA|ROMANCE
594,0,0,0,0,0,0,0,0,0,0,0,0,0,0,0,1,0,0,THIRILLER
595,0,0,1,1,0,0,0,0,0,0,0,1,0,0,0,0,0,0,ANIMATION|CHILDREN|MUSICAL
596,1,0,0,0,0,0,0,0,0,0,0,0,0,0,0,1,0,0,ACTION|THIRILLER
597,0,0,0,0,1,0,0,1,0,0,0,0,0,0,0,0,0,0,COMEDY|DRAMA
598,1,0,0,0,0,0,0,0,0,0,0,0,0,0,0,0,0,0,ACTION
599,0,0,0,1,0,0,0,0,0,0,0,0,0,0,0,0,0,0,CHILDREN
600,0,1,0,0,0,0,0,0,0,0,0,0,0,0,0,0,1,0,ADVENTURE|WAR
601,0,0,0,0,0,0,0,0,0,0,0,1,0,1,0,0,0,0,MUSICAL|ROMANCE
602,0,0,0,0,0,0,0,0,0,0,0,0,1,0,0,1,0,0,MYSTERY|THIRILLER
603,0,0,0,0,1,0,0,0,0,0,0,0,0,0,0,0,0,0,COMEDY
604,0,0,0,0,0,0,0,0,0,0,0,1,0,0,0,0,0,0,MUSICAL
605,0,0,0,0,0,0,0,1,0,0,0,0,0,0,0,0,0,0,DRAMA
606,0,0,0,0,0,0,0,0,0,0,0,0,0,1,0,1,0,0,ROMANCE|THIRILLER
607,0,0,0,0,0,0,0,0,0,0,0,0,1,1,0,1,0,0,MYSTERY|ROMANCE|THIRILLER
608,0,0,0,0,1,0,0,0,0,0,0,0,0,0,0,0,0,0,COMEDY
609,0,0,0,0,0,0,0,0,0,0,0,1,0,0,0,0,0,0,MUSICAL
610,0,0,0,0,0,1,0,0,0,1,0,0,1,0,0,0,0,0,CRIME|FILM NOIR|MYSTERY
611,0,0,0,0,0,0,0,1,0,0,0,0,0,0,0,0,0,0,DRAMA
612,0,0,0,0,1,0,0,0,0,0,0,0,0,0,0,0,0,0,COMEDY
613,0,0,0,0,0,0,0,1,0,0,0,0,0,0,0,0,0,0,DRAMA
614,0,0,0,0,0,0,0,0,0,0,0,0,0,0,0,1,0,0,THIRILLER
615,0,0,0,0,0,0,0,0,0,0,1,0,0,0,1,0,0,0,HORROR|SCIFI
616,0,0,0,0,0,0,0,1,0,0,0,0,0,0,0,0,0,0,DRAMA
617,0,0,0,0,0,0,0,1,0,0,0,0,0,0,0,0,0,0,DRAMA
618,0,0,0,0,0,0,0,1,0,0,0,0,0,0,0,1,0,0,DRAMA|THIRILLER
619,0,0,0,0,0,0,0,1,0,0,0,0,0,0,0,0,0,0,DRAMA
620,0,0,0,0,0,0,0,0,0,0,0,0,0,0,0,0,0,1,WESTERN
621,0,1,0,1,0,0,0,0,0,0,0,0,0,0,0,0,0,0,ADVENTURE|CHILDREN
622,0,0,0,1,1,0,0,0,0,0,0,0,0,0,0,0,0,0,CHILDREN|COMEDY
623,0,0,1,1,0,0,0,0,0,0,0,1,0,0,0,0,0,0,ANIMATION|CHILDREN|MUSICAL
624,0,0,1,1,0,0,0,0,0,0,0,0,0,0,0,0,0,0,ANIMATION|CHILDREN
625,0,0,0,1,0,0,0,1,0,0,0,0,0,0,0,0,0,0,CHILDREN|DRAMA
626,0,0,0,0,0,0,0,1,0,0,0,0,0,0,0,0,0,0,DRAMA
627,0,0,0,0,0,1,0,1,0,0,0,0,0,0,0,0,0,0,CRIME|DRAMA
628,0,0,0,0,1,0,0,0,0,0,0,1,0,0,0,0,0,0,COMEDY|MUSICAL
629,0,0,0,0,1,0,0,0,0,0,0,1,0,0,0,0,0,0,COMEDY|MUSICAL
630,1,0,0,0,0,0,0,1,0,0,0,0,0,1,0,0,1,0,ACTION|DRAMA|ROMANCE|WAR
631,0,0,0,0,0,0,0,1,0,0,0,0,0,0,0,0,0,0,DRAMA
632,0,0,0,0,0,0,0,1,0,0,0,0,0,0,0,0,0,0,DRAMA
633,0,0,0,0,0,0,1,0,0,0,0,0,0,0,0,0,0,0,DOCUMENTRY
634,0,0,0,0,0,0,0,0,0,0,1,0,0,0,0,0,0,0,HORROR
635,1,1,0,0,0,0,0,0,0,0,0,0,0,0,1,1,0,0,ACTION|ADVENTURE|SCIFI|THIRILLER
636,0,0,0,0,1,0,0,0,0,0,1,0,0,0,0,0,0,0,COMEDY|HORROR
637,0,0,0,0,0,0,0,1,0,0,0,0,0,0,0,0,0,0,DRAMA
638,0,0,0,0,0,0,0,1,0,0,0,0,0,0,0,0,0,0,DRAMA
639,0,0,0,0,0,0,0,1,0,0,0,0,0,0,0,0,0,0,DRAMA
640,0,0,0,0,0,0,0,1,0,0,0,0,0,0,0,0,1,0,DRAMA|WAR
641,0,0,0,0,0,1,0,1,0,1,0,0,0,0,0,0,0,0,CRIME|DRAMA|FILM NOIR
642,0,0,0,0,0,0,0,1,0,0,0,0,0,1,0,0,0,0,DRAMA|ROMANCE
643,0,0,0,0,0,0,1,0,0,0,0,0,0,0,0,0,0,0,DOCUMENTRY
644,0,0,0,0,0,0,1,0,0,0,0,0,0,0,0,0,0,0,DOCUMENTRY
645,0,0,0,0,0,0,0,0,0,0,0,0,0,0,0,0,0,1,WESTERN
646,0,0,0,0,0,0,0,1,0,0,0,0,0,0,0,0,1,0,DRAMA|WAR
647,0,0,0,0,1,0,0,0,0,0,0,0,0,1,0,0,0,0,COMEDY|ROMANCE
648,0,0,0,0,0,1,0,1,0,0,0,0,0,0,0,1,0,0,CRIME|DRAMA|THIRILLER
649,0,0,0,0,0,0,0,1,0,0,0,0,0,0,0,0,0,0,DRAMA
650,1,0,0,0,0,0,0,1,0,0,0,0,0,0,0,0,1,0,ACTION|DRAMA|WAR
651,0,0,0,0,1,0,0,1,0,0,0,0,0,0,0,0,0,0,COMEDY|DRAMA
652,0,0,0,0,0,1,0,0,0,1,0,0,0,0,0,1,0,0,CRIME|FILM NOIR|THIRILLER
653,0,0,0,0,0,0,0,0,0,1,0,0,1,0,0,1,0,0,FILM NOIR|MYSTERY|THIRILLER
654,0,1,0,0,1,0,0,1,0,0,0,0,0,0,0,0,0,0,ADVENTURE|COMEDY|DRAMA
655,0,0,0,0,0,1,0,0,0,1,0,0,0,0,0,1,0,0,CRIME|FILM NOIR|THIRILLER
656,0,0,0,0,0,0,0,0,0,1,0,0,0,0,0,1,0,0,FILM NOIR|THIRILLER
657,0,0,0,0,0,0,0,1,0,0,0,0,0,0,0,0,0,0,DRAMA
658,0,0,0,0,1,0,0,0,0,0,0,0,1,0,0,1,0,0,COMEDY|MYSTERY|THIRILLER
659,0,0,0,0,0,0,0,1,0,0,0,0,0,0,0,0,0,0,DRAMA
660,0,0,0,0,0,0,0,0,0,0,0,0,0,0,0,0,0,1,WESTERN
661,0,0,0,0,0,0,0,1,0,0,0,0,0,1,0,0,0,0,DRAMA|ROMANCE
662,0,0,0,0,1,0,0,0,0,0,0,0,0,0,0,0,0,0,COMEDY
663,0,0,0,0,0,0,0,1,0,0,0,0,0,0,0,0,0,0,DRAMA
664,1,0,0,0,0,0,0,0,0,0,1,0,0,0,1,1,0,0,ACTION|HORROR|SCIFI|THIRILLER
665,0,0,0,0,0,0,0,0,0,0,1,0,0,0,0,0,0,0,HORROR
666,0,0,0,0,0,0,0,0,0,0,1,0,0,0,0,0,0,0,HORROR
667,1,0,0,0,0,0,0,0,0,0,1,0,0,0,0,0,0,0,ACTION|HORROR
668,0,0,0,0,0,0,0,0,0,0,1,0,0,0,0,0,0,0,HORROR
669,0,0,0,0,0,0,0,0,0,0,1,0,0,0,1,1,0,0,HORROR|SCIFI|THIRILLER
670,0,0,0,0,0,0,0,0,0,0,1,0,0,0,0,0,0,0,HORROR
671,0,0,0,0,0,0,0,0,0,0,1,0,0,0,0,0,0,0,HORROR
672,0,0,0,0,0,0,0,0,0,1,0,0,0,0,0,1,0,0,FILM NOIR|THIRILLER
673,0,0,0,0,0,0,0,0,0,0,1,0,0,0,0,0,0,0,HORROR
674,0,0,0,0,0,0,0,0,0,0,1,0,0,0,0,0,0,0,HORROR
675,0,0,0,0,0,0,0,1,0,0,0,0,0,0,0,0,0,0,DRAMA
676,0,0,0,0,0,0,1,0,0,0,0,0,0,0,0,0,0,0,DOCUMENTRY
677,0,0,0,0,0,0,0,1,0,0,0,0,0,0,0,1,0,0,DRAMA|THIRILLER
678,1,1,0,0,0,0,0,0,0,0,0,0,0,0,0,0,0,0,ACTION|ADVENTURE
679,1,1,0,0,0,0,0,0,0,0,0,0,0,0,0,0,0,0,ACTION|ADVENTURE
680,0,0,0,0,0,0,0,0,0,0,1,0,0,0,0,0,0,0,HORROR
681,0,0,0,0,0,0,0,0,0,0,1,0,1,0,0,1,0,0,HORROR|MYSTERY|THIRILLER
682,0,0,0,0,1,0,0,0,0,0,0,0,0,0,0,0,0,0,COMEDY
683,1,0,0,0,0,0,0,0,0,0,0,0,0,0,0,1,0,0,ACTION|THIRILLER
684,1,0,0,0,0,0,0,0,0,0,0,0,0,0,0,1,0,0,ACTION|THIRILLER
685,1,0,0,0,0,0,0,1,0,0,0,0,0,0,0,0,0,0,ACTION|DRAMA
686,0,0,0,0,1,0,0,0,0,0,0,0,0,0,0,0,1,0,COMEDY|WAR
687,0,0,0,0,1,0,0,0,0,0,0,0,0,0,0,0,0,0,COMEDY
688,1,0,0,0,0,0,0,0,0,0,0,0,0,0,0,1,0,0,ACTION|THIRILLER
689,0,0,0,0,0,0,0,1,0,0,0,0,0,0,0,0,1,0,DRAMA|WAR
690,0,0,0,0,0,0,0,0,0,1,0,0,0,0,1,1,0,0,FILM NOIR|SCIFI|THIRILLER
691,0,0,0,0,1,0,0,1,0,0,0,0,0,1,0,0,0,0,COMEDY|DRAMA|ROMANCE
692,0,0,0,0,0,0,0,1,0,0,0,0,0,0,0,0,0,0,DRAMA
693,0,0,0,0,0,0,0,0,0,0,0,0,0,1,0,0,0,0,ROMANCE
694,0,0,0,0,1,0,0,1,0,0,0,0,0,0,0,0,0,0,COMEDY|DRAMA
695,0,0,0,0,0,0,0,1,0,0,0,0,0,0,0,1,0,0,DRAMA|THIRILLER
696,0,0,0,0,0,0,0,1,0,0,0,0,0,0,0,0,0,0,DRAMA
697,0,0,0,0,0,0,0,1,0,0,0,0,0,0,0,0,0,0,DRAMA
698,0,0,0,0,0,0,0,1,0,0,0,0,0,0,0,0,0,0,DRAMA
699,0,0,0,0,1,0,0,0,0,0,0,0,0,0,0,0,0,0,COMEDY
700,0,0,0,0,0,0,1,0,0,0,0,0,0,0,0,0,0,0,DOCUMENTRY
701,0,0,0,0,1,0,0,0,0,0,0,0,0,1,0,0,0,0,COMEDY|ROMANCE
702,0,0,0,0,0,0,0,1,0,0,0,0,0,0,0,0,0,0,DRAMA
703,0,0,0,0,0,0,0,1,0,0,0,0,0,1,0,0,0,0,DRAMA|ROMANCE
704,0,0,0,0,0,0,0,0,0,0,0,1,0,1,0,0,0,0,MUSICAL|ROMANCE
705,0,0,0,0,0,0,0,0,0,0,1,0,0,0,0,0,0,0,HORROR
706,0,0,0,0,0,0,0,1,0,0,0,0,0,0,0,0,0,0,DRAMA
707,0,0,0,0,0,0,0,1,0,0,0,0,0,0,0,0,0,0,DRAMA
708,0,0,0,0,1,0,0,0,0,0,0,0,0,1,0,0,0,0,COMEDY|ROMANCE
709,0,0,0,0,1,0,0,0,0,0,0,0,0,0,0,0,0,0,COMEDY
710,0,0,0,0,0,0,0,1,0,0,0,0,0,0,0,0,0,0,DRAMA
711,0,0,0,0,1,0,0,1,0,0,0,0,0,0,0,0,0,0,COMEDY|DRAMA
712,0,0,0,0,0,0,0,1,0,0,0,0,0,0,0,0,0,0,DRAMA
713,0,0,0,0,0,0,0,1,0,0,0,0,0,1,0,0,0,0,DRAMA|ROMANCE
714,0,0,0,0,1,0,0,1,0,0,0,0,0,0,0,0,0,0,COMEDY|DRAMA
715,0,0,0,0,0,0,0,1,0,0,0,0,0,1,0,0,0,0,DRAMA|ROMANCE
716,0,0,0,0,0,0,0,1,0,0,0,0,0,0,0,1,0,0,DRAMA|THIRILLER
717,0,0,0,0,1,0,0,0,0,0,0,0,0,0,0,0,0,0,COMEDY
718,0,0,0,0,1,0,0,0,0,0,0,0,0,0,0,0,1,0,COMEDY|WAR
719,1,1,0,0,0,0,0,1,0,0,0,0,0,1,0,0,0,0,ACTION|ADVENTURE|DRAMA|ROMANCE
720,0,0,0,0,1,0,0,0,0,0,0,0,0,0,0,0,0,0,COMEDY
721,0,0,0,0,1,0,0,0,0,0,0,0,0,0,0,0,0,0,COMEDY
722,0,0,0,0,1,0,0,1,0,0,0,0,0,0,0,0,0,0,COMEDY|DRAMA
723,0,0,0,0,0,0,0,1,0,0,0,0,0,1,0,0,0,0,DRAMA|ROMANCE
724,0,0,0,0,1,0,0,0,0,0,0,0,0,0,0,0,0,0,COMEDY
725,0,0,0,1,0,0,0,1,0,0,0,0,0,0,0,0,0,0,CHILDREN|DRAMA
726,0,0,0,0,0,0,0,1,0,0,0,0,0,1,0,0,0,0,DRAMA|ROMANCE
727,0,0,0,0,1,0,0,0,0,0,0,0,0,0,1,0,0,0,COMEDY|SCIFI
728,0,0,0,0,0,0,0,1,0,0,0,0,0,0,0,0,0,0,DRAMA
729,0,0,0,0,0,0,0,1,0,0,0,0,0,1,0,0,0,0,DRAMA|ROMANCE
730,0,0,0,0,1,0,0,1,0,0,0,0,0,1,0,0,0,0,COMEDY|DRAMA|ROMANCE
731,0,0,0,0,1,0,0,0,0,0,0,0,0,1,0,0,0,0,COMEDY|ROMANCE
732,0,0,0,0,0,0,0,1,0,0,0,0,0,1,0,0,0,0,DRAMA|ROMANCE
733,0,0,0,0,1,0,0,0,0,0,0,0,0,0,0,0,0,0,COMEDY
734,0,0,0,0,0,0,0,1,0,0,0,0,0,0,0,0,0,0,DRAMA
735,0,0,0,0,0,0,0,1,0,0,0,0,0,1,0,0,0,0,DRAMA|ROMANCE
736,0,0,0,0,1,0,0,1,0,0,0,0,0,0,0,0,0,0,COMEDY|DRAMA
737,0,0,0,0,1,0,0,0,0,0,0,0,0,1,0,0,0,0,COMEDY|ROMANCE
738,0,0,0,0,1,0,0,0,0,0,0,0,0,1,0,0,0,0,COMEDY|ROMANCE
739,0,0,0,0,0,0,0,1,0,0,0,0,0,1,0,0,0,0,DRAMA|ROMANCE
740,0,0,0,0,0,0,0,1,0,0,0,0,0,0,0,1,0,0,DRAMA|THIRILLER
741,0,0,0,0,0,0,0,1,0,0,0,0,0,0,0,1,0,0,DRAMA|THIRILLER
742,1,0,0,0,0,0,0,0,0,0,0,0,0,0,0,1,0,0,ACTION|THIRILLER
743,0,0,0,0,0,0,0,1,0,0,0,0,0,0,0,0,1,0,DRAMA|WAR
744,0,0,0,0,1,0,0,0,0,0,0,0,0,0,0,0,0,0,COMEDY
745,0,0,0,0,1,0,0,0,0,0,0,0,0,0,0,0,0,0,COMEDY
746,0,0,0,0,1,0,0,0,0,0,0,0,0,1,0,0,0,0,COMEDY|ROMANCE
747,1,0,0,0,0,0,0,0,0,0,0,0,0,1,0,1,0,0,ACTION|ROMANCE|THIRILLER
748,0,0,0,0,1,0,0,0,0,0,0,0,0,1,0,0,0,0,COMEDY|ROMANCE
749,0,0,0,0,0,0,0,1,0,0,0,0,0,0,0,0,0,0,DRAMA
750,1,0,0,0,0,0,0,0,0,0,0,0,0,1,0,1,0,0,ACTION|ROMANCE|THIRILLER
751,1,0,0,0,0,0,0,0,0,0,0,0,0,0,0,1,0,0,ACTION|THIRILLER
752,0,0,0,0,0,0,0,1,0,0,0,0,0,0,0,0,0,0,DRAMA
753,0,0,0,0,0,1,0,0,0,0,0,0,0,0,0,1,0,0,CRIME|THIRILLER
754,1,1,0,1,0,0,0,0,1,0,0,0,0,0,1,0,0,0,ACTION|ADVENTURE|CHILDREN|FANTASY|SCIFI
755,0,0,0,0,1,0,0,0,0,0,0,0,0,0,0,0,0,0,COMEDY
756,0,0,0,0,0,0,1,0,0,0,0,0,0,0,0,0,0,0,DOCUMENTRY
757,0,0,0,0,0,0,0,0,0,0,0,0,0,0,1,1,0,0,SCIFI|THIRILLER
758,1,0,0,0,0,0,0,0,0,0,0,0,0,0,0,0,0,0,ACTION
759,0,0,0,0,0,0,0,0,0,0,0,0,0,0,1,0,0,0,SCIFI
760,1,0,0,0,0,0,0,0,0,0,0,0,0,0,0,1,0,0,ACTION|THIRILLER
761,0,0,0,0,0,0,0,1,0,0,0,0,0,0,0,0,0,0,DRAMA
762,0,0,0,0,1,0,0,0,0,0,0,0,0,0,0,0,0,0,COMEDY
763,0,0,0,0,1,0,0,0,0,0,0,0,0,1,0,0,0,0,COMEDY|ROMANCE
764,0,0,0,0,1,0,0,0,0,0,0,0,0,1,0,0,0,0,COMEDY|ROMANCE
765,0,0,0,0,0,0,1,0,0,0,0,0,0,0,0,0,0,0,DOCUMENTRY
766,0,0,0,0,0,0,0,0,0,0,1,0,0,0,0,0,0,0,HORROR
767,0,1,0,1,0,0,0,0,0,0,0,0,0,0,0,0,0,0,ADVENTURE|CHILDREN
768,1,1,0,0,0,0,0,0,0,0,0,0,1,0,1,0,0,0,ACTION|ADVENTURE|MYSTERY|SCIFI
769,0,0,0,0,0,1,0,0,0,1,0,0,1,0,0,1,0,0,CRIME|FILM NOIR|MYSTERY|THIRILLER
770,1,0,0,0,0,0,0,0,0,0,0,0,0,0,1,1,0,0,ACTION|SCIFI|THIRILLER
771,0,0,0,0,0,0,0,1,0,0,0,0,0,0,0,0,0,0,DRAMA
772,0,0,0,0,0,0,0,0,0,0,0,0,0,0,0,1,0,0,THIRILLER
773,0,0,0,0,0,0,0,0,0,0,1,0,0,0,0,0,0,0,HORROR
774,0,0,0,0,1,0,0,1,0,0,0,0,0,1,0,0,0,0,COMEDY|DRAMA|ROMANCE
775,0,0,0,0,0,0,0,1,0,0,0,0,0,0,0,0,0,0,DRAMA
776,0,0,0,0,0,0,0,0,0,0,1,0,0,0,0,0,0,0,HORROR
777,0,0,0,0,1,0,0,1,0,0,0,0,0,1,0,0,0,0,COMEDY|DRAMA|ROMANCE
778,1,0,0,0,0,0,0,0,0,0,0,0,0,0,0,0,0,0,ACTION
779,0,0,0,0,1,0,0,0,0,0,0,0,0,0,0,0,0,0,COMEDY
780,0,0,0,0,1,0,0,0,0,0,0,0,0,1,0,0,0,0,COMEDY|ROMANCE
781,0,0,0,0,0,0,0,1,0,0,0,0,0,0,0,0,0,0,DRAMA
782,0,0,0,0,1,0,0,0,0,0,0,0,0,1,0,0,0,0,COMEDY|ROMANCE
783,0,0,0,0,0,0,0,1,0,0,1,0,0,0,0,0,0,0,DRAMA|HORROR
784,0,0,0,0,1,0,0,0,0,0,0,0,0,1,0,0,0,0,COMEDY|ROMANCE
785,0,0,0,0,1,0,0,0,0,0,0,0,0,1,0,0,0,0,COMEDY|ROMANCE
786,0,0,0,0,1,0,0,1,0,0,0,0,0,0,0,0,0,0,COMEDY|DRAMA
787,0,0,0,0,0,0,0,0,0,0,1,0,0,0,0,1,0,0,HORROR|THIRILLER
788,0,0,0,0,1,0,0,1,0,0,0,0,0,0,0,0,0,0,COMEDY|DRAMA
789,0,0,0,0,1,0,0,0,0,0,0,0,0,0,0,0,0,0,COMEDY
790,0,0,0,1,0,0,0,0,0,0,0,0,0,0,0,0,0,0,CHILDREN
791,0,0,0,0,1,0,0,0,0,0,0,0,0,0,0,0,0,0,COMEDY
792,0,0,0,0,1,0,0,0,0,0,0,0,0,0,0,0,0,0,COMEDY
793,0,0,0,0,0,0,0,1,0,0,0,0,0,1,0,0,0,0,DRAMA|ROMANCE
794,0,0,0,1,1,0,0,0,0,0,0,0,0,0,0,0,0,0,CHILDREN|COMEDY
795,0,0,0,0,1,0,0,0,0,0,0,0,0,1,0,0,0,0,COMEDY|ROMANCE
796,1,0,0,0,0,0,0,0,0,0,0,0,0,0,1,0,0,0,ACTION|SCIFI
797,1,0,0,0,0,0,0,0,0,0,0,0,0,0,0,0,0,0,ACTION
798,0,0,0,0,0,0,0,1,0,0,0,0,0,0,0,0,0,0,DRAMA
799,0,0,0,0,0,0,0,0,0,0,1,0,0,0,0,1,0,0,HORROR|THIRILLER
800,0,0,0,0,1,0,0,0,0,0,0,0,0,0,0,0,0,0,COMEDY
801,1,1,0,0,0,1,0,0,0,0,0,0,0,0,0,1,0,0,ACTION|ADVENTURE|CRIME|THIRILLER
802,1,0,0,0,0,0,0,1,0,0,0,0,0,0,0,0,1,0,ACTION|DRAMA|WAR
803,0,0,0,0,1,0,0,0,0,0,0,0,0,0,0,0,0,0,COMEDY
804,0,0,0,0,1,0,0,0,0,0,0,0,1,0,0,0,0,0,COMEDY|MYSTERY
805,1,0,0,0,0,1,0,1,0,0,0,0,0,0,0,0,0,0,ACTION|CRIME|DRAMA
806,0,0,0,0,0,0,0,1,0,0,0,0,0,0,0,0,0,0,DRAMA
807,1,0,0,0,0,0,0,1,0,0,0,0,0,0,0,0,0,0,ACTION|DRAMA
808,1,0,0,0,0,0,0,1,0,0,0,0,1,0,0,0,0,0,ACTION|DRAMA|MYSTERY
809,1,0,0,0,0,0,0,0,0,0,0,0,0,0,0,0,0,0,ACTION
810,0,0,0,0,0,0,1,0,0,0,0,0,0,0,0,0,0,0,DOCUMENTRY
811,0,1,0,1,0,0,0,0,0,0,0,0,0,0,0,0,0,0,ADVENTURE|CHILDREN
812,0,0,0,0,0,0,1,0,0,0,0,0,0,0,0,0,0,0,DOCUMENTRY
813,0,0,0,0,0,0,1,0,0,0,0,0,0,0,0,0,0,0,DOCUMENTRY
814,0,0,0,0,0,0,0,1,0,0,0,0,0,1,0,0,0,0,DRAMA|ROMANCE
815,0,0,0,0,0,0,0,0,0,0,1,0,0,0,0,0,0,0,HORROR
816,0,0,0,0,0,0,0,1,0,0,0,0,0,0,0,0,0,0,DRAMA
817,0,0,0,0,1,0,0,0,0,0,0,0,0,0,0,0,0,0,COMEDY
818,0,0,0,0,1,0,0,0,0,0,0,0,0,0,0,0,0,0,COMEDY
819,0,1,1,1,1,0,0,0,1,0,0,0,0,0,0,0,0,0,ADVENTURE|ANIMATION|CHILDREN|COMEDY|FANTASY
820,0,0,0,0,1,0,0,0,0,0,0,0,0,1,0,0,0,0,COMEDY|ROMANCE
821,0,0,0,0,0,0,0,1,0,0,0,0,0,0,0,0,0,0,DRAMA
822,0,0,0,0,0,1,0,0,0,1,0,0,0,0,0,1,0,0,CRIME|FILM NOIR|THIRILLER
823,0,0,0,0,1,0,0,0,0,0,0,0,0,0,0,0,0,0,COMEDY
824,1,0,0,0,0,0,0,0,0,0,0,0,0,0,1,1,0,0,ACTION|SCIFI|THIRILLER
825,0,1,0,0,0,0,0,0,0,0,0,0,0,0,0,0,0,0,ADVENTURE
826,1,1,0,0,0,0,0,0,0,0,0,0,0,0,0,1,0,0,ACTION|ADVENTURE|THIRILLER
827,0,1,0,1,0,0,0,0,0,0,0,0,0,0,0,0,0,0,ADVENTURE|CHILDREN
828,1,1,0,0,0,0,0,0,0,0,0,0,0,0,0,0,0,0,ACTION|ADVENTURE
829,1,0,0,0,0,0,0,0,0,0,0,0,1,0,0,1,0,0,ACTION|MYSTERY|THIRILLER
830,1,1,0,0,0,0,0,0,0,0,0,0,0,0,1,1,0,0,ACTION|ADVENTURE|SCIFI|THIRILLER
831,0,0,0,1,0,0,0,1,1,0,0,0,0,0,0,0,0,0,CHILDREN|DRAMA|FANTASY
832,1,0,0,0,0,0,0,0,0,0,0,0,0,0,0,0,0,0,ACTION
833,0,0,0,0,0,0,0,0,0,0,1,0,0,0,0,1,0,0,HORROR|THIRILLER
834,0,0,0,0,1,0,0,0,0,0,0,1,0,1,0,0,0,0,COMEDY|MUSICAL|ROMANCE
835,0,0,0,0,1,0,0,0,0,0,0,0,0,1,0,0,0,0,COMEDY|ROMANCE
836,0,0,0,0,0,0,0,1,0,0,0,0,0,0,0,0,0,0,DRAMA
837,1,0,0,0,0,0,0,0,0,0,0,0,0,0,0,0,0,0,ACTION
838,0,0,0,0,0,0,0,0,0,0,1,0,0,0,0,1,0,0,HORROR|THIRILLER
839,1,0,0,0,0,0,0,1,0,0,0,0,0,0,0,0,0,1,ACTION|DRAMA|WESTERN
840,1,0,0,0,0,0,0,0,0,0,0,0,0,0,0,1,0,0,ACTION|THIRILLER
841,0,0,0,1,1,0,0,1,0,0,0,0,0,0,0,0,0,0,CHILDREN|COMEDY|DRAMA
842,0,0,0,1,1,0,0,0,0,0,0,0,0,0,0,0,0,0,CHILDREN|COMEDY
843,0,0,0,0,0,1,0,0,0,0,0,0,0,0,0,0,0,0,CRIME
844,0,0,0,0,1,0,0,0,0,0,0,0,0,0,0,0,0,0,COMEDY
845,0,0,0,0,0,0,0,1,0,0,0,0,0,1,0,0,0,0,DRAMA|ROMANCE
846,0,0,0,0,0,0,1,1,0,0,0,0,0,0,0,0,0,0,DOCUMENTRY|DRAMA
847,0,0,0,0,0,0,0,0,0,1,0,0,0,0,0,1,0,0,FILM NOIR|THIRILLER
848,1,0,0,0,0,0,0,0,0,0,0,0,0,1,0,0,0,0,ACTION|ROMANCE
849,0,0,0,0,0,0,1,0,0,0,0,0,0,0,0,0,0,0,DOCUMENTRY
850,0,0,0,0,0,0,0,1,0,0,0,0,0,0,0,0,0,0,DRAMA
851,0,0,0,0,0,0,0,1,0,0,0,0,0,0,0,1,0,0,DRAMA|THIRILLER
852,0,0,0,0,1,0,0,0,0,0,1,0,0,0,0,0,0,0,COMEDY|HORROR
853,0,0,0,0,1,0,0,0,0,0,1,0,0,0,0,0,0,0,COMEDY|HORROR
854,1,0,0,0,0,0,0,1,0,0,0,0,1,1,0,1,0,0,ACTION|DRAMA|MYSTERY|ROMANCE|THIRILLER
855,0,0,0,0,1,0,0,1,0,0,0,0,0,0,0,0,0,0,COMEDY|DRAMA
856,0,0,0,0,0,0,1,0,0,0,0,0,0,0,0,0,0,0,DOCUMENTRY
857,0,0,0,0,0,0,0,0,0,0,1,0,0,0,0,0,0,0,HORROR
858,0,0,0,0,1,0,0,0,0,0,1,0,0,0,0,0,0,0,COMEDY|HORROR
859,0,0,0,0,0,0,0,0,0,0,1,0,0,0,0,1,0,0,HORROR|THIRILLER
860,0,0,0,0,0,0,0,0,0,0,1,0,0,0,0,0,0,0,HORROR
861,0,1,0,1,1,0,0,0,0,0,0,0,0,0,0,0,0,0,ADVENTURE|CHILDREN|COMEDY
862,0,0,0,0,0,0,0,1,0,0,0,0,0,0,0,0,0,0,DRAMA
863,0,0,0,0,1,0,0,0,0,0,0,0,0,0,0,0,0,0,COMEDY
864,0,0,0,0,0,0,0,1,0,0,0,0,0,0,0,0,0,0,DRAMA
865,0,0,0,0,1,0,0,0,0,0,0,0,0,1,0,0,0,0,COMEDY|ROMANCE
866,0,0,0,0,0,0,0,1,0,0,0,0,0,0,0,0,0,0,DRAMA
867,0,0,0,0,0,0,0,1,0,0,0,0,0,0,0,0,0,0,DRAMA
868,0,0,0,0,1,0,0,0,0,0,0,0,0,1,0,0,0,0,COMEDY|ROMANCE
869,0,0,0,0,0,0,0,0,0,0,0,0,0,1,0,0,0,0,ROMANCE
870,0,0,0,0,1,0,0,0,0,0,0,0,0,0,0,0,0,0,COMEDY
871,0,0,0,0,0,0,0,0,0,0,0,0,0,1,0,0,0,0,ROMANCE
872,0,0,0,0,1,0,0,0,0,0,0,0,0,1,0,0,0,0,COMEDY|ROMANCE
873,0,0,0,0,0,0,0,1,0,0,0,0,0,0,0,0,0,0,DRAMA
874,0,0,0,0,0,0,0,1,0,0,0,0,0,1,0,0,0,0,DRAMA|ROMANCE
875,1,0,0,0,1,0,0,0,0,0,0,0,0,0,0,0,0,0,ACTION|COMEDY
876,0,1,0,0,0,0,0,0,0,0,0,0,0,1,0,0,0,0,ADVENTURE|ROMANCE
877,0,0,0,1,1,0,0,0,0,0,0,0,1,0,0,0,0,0,CHILDREN|COMEDY|MYSTERY
878,1,0,0,0,0,0,0,0,0,0,0,0,0,0,0,1,1,0,ACTION|THIRILLER|WAR
879,0,0,0,0,0,0,0,1,0,0,0,0,0,0,0,0,0,0,DRAMA
880,1,0,0,0,1,0,0,0,0,0,0,0,0,0,0,0,0,0,ACTION|COMEDY
881,0,0,0,0,0,0,0,1,0,0,0,0,0,0,0,0,0,0,DRAMA
882,0,0,0,0,0,0,0,1,0,0,0,0,0,0,0,0,0,0,DRAMA
883,0,0,0,0,0,0,1,0,0,0,0,0,0,0,0,0,0,0,DOCUMENTRY
884,0,0,0,0,0,0,0,0,0,0,1,0,0,0,0,0,0,0,HORROR
885,0,0,0,0,0,0,0,0,0,0,0,0,0,1,0,1,0,0,ROMANCE|THIRILLER
886,0,0,0,0,0,0,0,1,0,0,0,0,0,0,0,0,0,0,DRAMA
887,0,0,0,0,0,0,0,1,0,0,0,0,0,0,0,0,0,0,DRAMA
888,0,0,0,0,0,0,0,0,0,0,0,0,0,1,0,0,0,0,ROMANCE
889,1,1,0,0,0,0,0,0,0,0,0,0,0,0,0,0,0,0,ACTION|ADVENTURE
890,0,0,0,0,0,0,0,1,0,0,0,0,0,0,0,0,1,0,DRAMA|WAR
891,0,0,0,1,1,0,0,0,1,0,0,0,0,0,0,0,0,0,CHILDREN|COMEDY|FANTASY
892,0,0,0,0,1,0,0,0,0,0,0,0,0,0,0,0,0,0,COMEDY
893,0,0,0,1,1,0,0,0,0,0,0,0,0,0,0,0,0,0,CHILDREN|COMEDY
894,0,0,0,0,0,0,0,0,0,0,1,0,0,0,0,1,0,0,HORROR|THIRILLER
895,0,0,0,0,0,0,0,1,0,0,0,0,0,0,0,0,0,0,DRAMA
896,1,1,0,0,0,0,0,0,0,0,0,0,0,0,1,0,0,0,ACTION|ADVENTURE|SCIFI
897,0,0,0,0,0,0,0,1,0,0,0,0,0,0,0,0,0,0,DRAMA
898,0,0,0,0,0,0,0,1,0,0,0,0,0,0,0,0,0,0,DRAMA
899,0,0,0,0,0,0,0,1,0,0,0,0,0,0,0,0,0,0,DRAMA
900,0,0,0,0,1,0,0,0,0,0,0,0,0,0,0,0,0,0,COMEDY
901,0,0,0,0,1,1,0,0,0,0,0,0,1,0,0,1,0,0,COMEDY|CRIME|MYSTERY|THIRILLER
902,0,0,0,0,0,0,0,1,0,0,0,0,0,1,0,0,0,0,DRAMA|ROMANCE
903,0,0,0,0,1,0,0,1,0,0,0,0,0,0,0,0,0,0,COMEDY|DRAMA
904,0,0,0,0,0,0,0,1,0,0,0,0,0,1,0,0,0,0,DRAMA|ROMANCE
905,0,0,0,0,0,0,0,1,0,0,0,0,0,1,0,0,0,0,DRAMA|ROMANCE
906,0,0,0,0,1,0,0,0,0,0,0,0,0,0,0,0,0,0,COMEDY
907,0,0,0,0,1,0,0,0,0,0,0,0,0,0,0,0,0,0,COMEDY
908,0,0,0,0,0,0,0,1,0,0,0,0,0,0,0,0,0,0,DRAMA
909,0,0,0,0,0,0,0,1,0,0,0,0,0,0,0,0,0,0,DRAMA
910,0,0,0,0,0,1,0,1,0,0,0,0,0,0,0,0,0,0,CRIME|DRAMA
911,1,0,0,0,0,0,0,0,0,0,0,0,0,0,0,1,0,0,ACTION|THIRILLER
912,0,0,0,0,1,0,0,0,0,0,0,0,0,0,0,0,0,0,COMEDY
913,0,0,0,0,0,1,0,1,0,0,0,0,1,0,0,1,0,0,CRIME|DRAMA|MYSTERY|THIRILLER
914,0,0,0,0,0,0,0,1,0,0,0,0,0,0,0,0,0,0,DRAMA
915,1,0,0,0,0,0,0,0,0,0,0,0,0,0,1,1,0,0,ACTION|SCIFI|THIRILLER
916,1,0,0,0,0,0,0,1,0,0,0,0,0,0,0,1,0,0,ACTION|DRAMA|THIRILLER
917,0,0,0,0,0,0,0,0,0,0,0,0,0,1,0,0,0,0,ROMANCE
918,0,1,0,0,0,0,0,0,0,0,0,0,0,0,1,0,0,0,ADVENTURE|SCIFI
919,0,0,0,0,0,0,0,1,0,0,0,0,0,0,0,0,0,0,DRAMA
920,0,0,0,0,0,0,0,1,0,0,0,0,0,1,0,0,0,0,DRAMA|ROMANCE
921,0,0,0,0,0,0,0,0,0,0,0,0,0,0,0,0,0,1,WESTERN
922,0,0,0,0,0,0,0,1,0,0,0,0,0,0,0,0,0,0,DRAMA
923,0,1,0,0,0,0,0,1,0,0,0,0,0,0,0,0,0,0,ADVENTURE|DRAMA
924,0,0,0,0,0,0,0,0,0,0,0,0,0,0,1,1,0,0,SCIFI|THIRILLER
925,0,0,0,0,1,0,0,0,0,0,0,0,0,0,0,0,0,0,COMEDY
926,0,0,0,0,0,0,0,1,0,0,0,0,0,0,0,0,0,0,DRAMA
927,0,0,0,0,0,0,0,1,0,0,1,0,0,0,0,0,0,0,DRAMA|HORROR
928,0,0,0,1,1,0,0,0,0,0,0,0,0,0,0,0,0,0,CHILDREN|COMEDY
929,1,1,0,0,0,0,0,0,0,0,0,0,0,0,0,1,0,0,ACTION|ADVENTURE|THIRILLER
930,0,0,0,0,0,0,0,0,0,0,0,0,0,0,1,1,0,0,SCIFI|THIRILLER
931,0,0,0,1,1,0,0,0,0,0,0,0,0,0,0,0,0,0,CHILDREN|COMEDY
932,0,0,0,0,0,0,0,1,0,0,0,0,0,0,0,0,0,0,DRAMA
933,0,0,0,0,0,0,0,1,0,0,0,0,0,0,0,0,0,0,DRAMA
934,0,0,0,0,0,0,0,1,0,0,0,0,0,0,0,0,1,0,DRAMA|WAR
935,0,0,0,0,1,0,0,1,0,0,0,0,0,1,0,0,0,0,COMEDY|DRAMA|ROMANCE
936,0,0,0,0,0,0,0,1,0,0,0,0,0,0,0,0,0,0,DRAMA
937,0,0,0,0,1,0,0,0,0,0,0,0,0,1,0,0,0,0,COMEDY|ROMANCE
938,0,0,0,0,0,0,0,1,0,0,0,0,0,0,0,1,0,0,DRAMA|THIRILLER
939,0,0,0,0,1,0,0,0,0,0,0,0,0,0,0,0,0,0,COMEDY
940,0,0,0,0,1,0,0,1,0,0,0,0,0,0,0,0,0,0,COMEDY|DRAMA
941,0,0,0,0,0,0,0,1,0,0,0,0,0,0,0,0,0,0,DRAMA
942,0,0,0,0,0,0,0,0,0,0,0,0,0,0,0,1,0,0,THIRILLER
943,0,0,0,0,1,0,0,1,0,0,0,0,0,0,0,0,1,0,COMEDY|DRAMA|WAR
944,0,0,0,0,1,0,0,0,0,0,0,0,1,1,0,1,0,0,COMEDY|MYSTERY|ROMANCE|THIRILLER
945,0,0,1,1,0,0,0,0,0,0,0,0,0,0,0,0,0,0,ANIMATION|CHILDREN
946,0,1,0,0,0,0,0,0,0,0,0,0,0,1,0,0,0,0,ADVENTURE|ROMANCE
947,0,0,0,0,1,0,0,0,0,0,0,0,0,1,0,0,0,0,COMEDY|ROMANCE
948,0,0,0,0,0,0,0,1,0,0,0,0,0,1,0,0,0,0,DRAMA|ROMANCE
949,0,0,0,0,0,0,0,1,0,0,0,0,0,0,0,0,0,0,DRAMA
950,0,1,0,1,0,0,0,0,1,0,0,0,0,0,0,0,0,0,ADVENTURE|CHILDREN|FANTASY
951,0,0,0,0,1,0,0,0,0,0,0,0,0,0,0,0,0,0,COMEDY
952,0,0,0,0,1,0,0,1,0,0,0,0,0,0,0,0,0,0,COMEDY|DRAMA
953,0,0,0,0,0,0,1,0,0,0,0,0,0,0,0,0,0,0,DOCUMENTRY
954,0,0,0,0,0,0,0,1,0,0,0,0,0,1,0,0,0,0,DRAMA|ROMANCE
955,0,0,0,0,0,0,0,1,0,0,0,0,0,0,0,0,0,0,DRAMA
956,0,0,0,0,1,0,0,0,0,0,0,0,0,0,0,0,0,0,COMEDY
957,0,0,0,0,0,0,0,1,0,0,0,0,0,0,0,0,0,0,DRAMA
958,0,0,0,0,1,0,0,0,0,0,0,0,0,0,0,0,0,0,COMEDY
959,0,0,0,0,0,0,0,1,0,0,0,0,0,0,0,0,0,0,DRAMA
960,0,0,0,0,0,0,0,1,0,0,0,0,0,0,0,0,0,0,DRAMA
961,0,0,0,0,0,0,0,1,0,0,0,0,0,0,0,0,0,0,DRAMA
962,0,0,0,0,0,0,0,1,0,0,0,0,0,0,0,1,0,0,DRAMA|THIRILLER
963,0,0,0,0,1,0,0,1,0,0,0,0,0,0,0,0,0,0,COMEDY|DRAMA
964,0,0,0,0,1,0,0,0,0,0,0,1,0,0,0,0,0,0,COMEDY|MUSICAL
965,0,0,0,0,0,0,0,0,0,0,0,0,0,1,0,0,0,0,ROMANCE
966,0,0,0,0,0,0,0,1,0,0,0,0,0,0,0,0,0,0,DRAMA
967,0,0,0,0,0,0,0,0,0,0,0,1,0,0,0,0,0,0,MUSICAL
968,0,0,1,1,0,0,0,0,0,0,0,0,0,0,0,0,0,0,ANIMATION|CHILDREN
969,0,0,0,0,1,0,0,0,0,0,0,0,0,0,0,0,0,0,COMEDY
970,0,0,0,0,1,0,0,0,0,0,0,0,0,0,0,0,1,0,COMEDY|WAR
971,0,0,0,0,0,0,0,1,0,0,0,0,0,0,0,0,0,0,DRAMA
972,0,0,0,0,0,0,1,0,0,0,0,0,0,0,0,0,0,0,DOCUMENTRY
973,0,0,0,0,0,0,0,1,0,0,0,0,0,0,0,1,0,0,DRAMA|THIRILLER
974,0,0,0,0,0,0,0,0,0,0,0,0,0,0,0,1,0,0,THIRILLER
975,1,0,0,0,0,0,0,0,0,0,0,0,0,0,1,1,0,0,ACTION|SCIFI|THIRILLER
976,1,0,0,0,0,0,0,0,0,0,0,0,0,0,0,0,0,0,ACTION
977,0,0,0,0,0,0,0,0,0,0,0,0,1,0,0,1,0,0,MYSTERY|THIRILLER
978,0,0,0,0,0,0,0,1,0,0,0,0,0,0,0,1,0,0,DRAMA|THIRILLER
979,0,0,0,0,0,0,0,1,0,0,0,0,0,0,0,0,0,0,DRAMA
980,0,0,0,0,0,0,0,1,0,0,0,0,0,0,0,0,0,0,DRAMA
981,1,1,0,0,0,0,0,0,0,0,0,0,0,0,0,1,0,0,ACTION|ADVENTURE|THIRILLER
982,0,0,0,0,0,0,0,0,0,0,0,0,0,0,0,1,0,0,THIRILLER
983,0,0,0,0,0,0,0,0,0,0,0,0,0,0,0,1,0,0,THIRILLER
984,0,0,0,0,0,0,0,1,0,0,0,0,0,0,0,0,0,0,DRAMA
985,0,0,0,0,0,0,0,0,0,0,0,0,0,0,0,1,0,0,THIRILLER
986,0,0,0,0,0,0,0,0,0,0,0,0,0,0,0,1,0,0,THIRILLER
987,0,0,0,0,1,0,0,0,0,0,0,0,0,1,0,0,0,0,COMEDY|ROMANCE
988,0,0,1,1,0,0,0,0,0,0,0,1,0,0,0,0,0,0,ANIMATION|CHILDREN|MUSICAL
989,0,0,0,0,0,0,0,1,0,0,0,0,0,1,0,0,0,0,DRAMA|ROMANCE
990,0,0,0,0,0,1,0,0,0,0,0,0,0,0,0,0,0,0,CRIME
991,0,0,0,0,1,0,0,0,0,0,0,0,0,0,0,1,0,0,COMEDY|THIRILLER
992,0,1,1,1,1,0,0,0,0,0,0,1,0,0,0,0,0,0,ADVENTURE|ANIMATION|CHILDREN|COMEDY|MUSICAL
993,0,0,0,0,0,0,0,1,0,0,0,0,0,0,0,0,0,0,DRAMA
994,0,0,0,0,1,0,0,0,0,0,0,0,0,0,0,0,0,0,COMEDY
995,0,0,0,1,1,0,0,0,0,0,0,0,0,0,0,0,0,0,CHILDREN|COMEDY
996,0,0,0,0,1,0,0,0,0,0,0,0,0,0,0,0,0,0,COMEDY
997,0,0,0,0,1,0,0,0,0,0,0,0,0,0,0,0,0,0,COMEDY
998,0,0,0,0,1,0,0,0,0,0,0,0,0,0,0,0,0,0,COMEDY
999,0,0,0,0,1,0,0,0,0,0,0,0,0,0,0,0,0,1,COMEDY|WESTERN
1000,0,0,0,0,1,0,0,0,0,0,0,0,0,0,0,0,0,0,COMEDY
1001,0,0,0,0,1,0,0,0,0,0,0,0,0,0,0,0,0,0,COMEDY
1002,0,0,0,1,1,0,0,0,0,0,0,0,1,0,0,0,0,0,CHILDREN|COMEDY|MYSTERY
1003,0,0,0,0,0,0,0,1,0,0,0,0,0,0,0,0,0,1,DRAMA|WESTERN
1004,0,0,0,0,0,0,0,1,0,0,0,0,0,0,0,0,0,0,DRAMA
1005,0,0,0,0,0,0,0,1,0,0,0,0,0,0,1,0,0,0,DRAMA|SCIFI
1006,0,0,0,0,1,0,0,0,0,0,0,0,0,0,0,0,0,0,COMEDY
1007,0,0,0,0,0,0,0,1,0,0,0,0,0,0,0,0,0,0,DRAMA
1008,0,0,0,0,0,0,0,1,0,0,0,0,0,0,0,0,0,0,DRAMA
1009,0,0,0,0,0,0,0,1,0,0,0,0,0,0,0,0,0,0,DRAMA
1010,0,0,0,0,0,1,0,0,0,0,0,0,0,0,0,0,0,0,CRIME
1011,0,0,0,0,1,0,0,1,0,0,0,0,0,0,0,0,0,0,COMEDY|DRAMA
1012,1,1,0,0,0,0,0,0,0,0,0,0,0,0,0,1,0,0,ACTION|ADVENTURE|THIRILLER
1013,0,0,0,0,1,0,0,0,0,0,0,0,0,0,0,0,0,0,COMEDY
1014,0,0,0,1,0,0,0,1,0,0,0,0,0,0,0,0,0,0,CHILDREN|DRAMA
1015,1,1,0,0,0,0,0,0,0,0,0,0,0,0,0,1,0,0,ACTION|ADVENTURE|THIRILLER
1016,0,0,0,0,0,0,0,1,0,0,0,0,0,0,0,0,0,0,DRAMA
1017,0,0,0,0,0,0,0,1,0,0,0,0,0,0,0,0,0,0,DRAMA
1018,1,0,0,0,0,0,0,0,0,0,0,0,0,0,0,1,0,0,ACTION|THIRILLER
1019,0,0,0,0,0,0,0,0,0,0,0,0,1,0,0,1,0,0,MYSTERY|THIRILLER
1020,0,0,0,0,0,0,0,1,0,0,0,0,0,0,0,0,0,0,DRAMA
1021,0,0,0,0,0,0,1,0,0,0,0,0,0,0,0,0,0,0,DOCUMENTRY
1022,0,0,0,0,1,0,0,0,0,0,0,0,0,0,0,0,0,0,COMEDY
1023,0,0,0,0,0,0,0,0,0,0,0,0,0,1,0,0,0,0,ROMANCE
1024,1,0,0,0,0,0,0,1,0,0,0,0,0,0,0,1,0,0,ACTION|DRAMA|THIRILLER
1025,0,0,0,0,1,0,0,1,0,0,0,0,0,0,0,0,0,0,COMEDY|DRAMA
1026,1,0,0,0,0,0,0,0,0,0,0,0,0,0,0,0,0,0,ACTION
1027,0,0,0,0,1,0,0,0,0,0,0,0,0,1,0,0,0,0,COMEDY|ROMANCE
1028,0,0,0,0,1,0,0,0,0,0,0,0,0,0,0,0,0,0,COMEDY
1029,0,0,0,0,1,0,0,0,0,0,0,0,0,0,0,0,0,0,COMEDY
1030,0,1,0,1,0,0,0,0,0,0,0,0,0,0,0,0,0,0,ADVENTURE|CHILDREN
1031,0,0,0,1,1,0,0,0,0,0,0,0,0,0,0,0,0,0,CHILDREN|COMEDY
1032,0,1,0,1,0,0,0,0,0,0,0,0,0,0,0,0,0,0,ADVENTURE|CHILDREN
1033,1,1,0,0,0,0,0,0,0,0,0,0,0,0,0,0,0,0,ACTION|ADVENTURE
1034,0,0,0,0,1,0,0,0,0,0,0,0,0,0,0,0,0,0,COMEDY
1035,0,0,0,0,1,0,0,0,1,0,0,0,0,0,0,0,0,0,COMEDY|FANTASY
1036,0,0,0,0,1,0,0,0,0,0,0,1,0,1,0,0,0,0,COMEDY|MUSICAL|ROMANCE
1037,0,0,0,0,0,0,0,0,0,0,0,0,0,0,0,1,0,0,THIRILLER
1038,0,0,0,0,0,0,0,1,0,0,0,0,0,0,0,0,0,0,DRAMA
1039,0,0,0,0,1,0,0,0,0,0,0,0,0,1,0,0,0,0,COMEDY|ROMANCE
1040,0,0,0,0,1,0,0,0,0,0,0,0,0,1,0,0,0,0,COMEDY|ROMANCE
1041,0,0,0,0,0,0,0,0,0,0,0,0,1,0,0,1,0,0,MYSTERY|THIRILLER
1042,0,0,0,0,1,0,0,0,0,0,0,0,0,0,0,0,0,0,COMEDY
1043,0,0,0,0,1,0,0,1,0,0,0,0,0,0,0,0,0,0,COMEDY|DRAMA
1044,0,0,0,0,0,0,0,1,0,0,0,0,0,0,0,0,0,0,DRAMA
1045,0,0,0,0,0,0,0,0,0,0,0,0,0,0,0,1,0,0,THIRILLER
1046,0,0,0,0,1,0,0,0,0,0,0,0,0,0,0,0,0,0,COMEDY
1047,0,0,0,0,1,0,0,0,0,0,0,0,0,1,0,0,0,0,COMEDY|ROMANCE
1048,0,0,0,0,1,0,0,0,0,0,0,0,0,0,0,0,0,0,COMEDY
1049,0,0,0,0,0,0,0,1,0,0,0,0,0,1,0,0,0,0,DRAMA|ROMANCE
1050,0,0,0,0,1,0,0,0,0,0,0,0,0,0,0,0,0,0,COMEDY
1051,0,0,0,0,1,0,0,0,0,0,1,0,0,0,0,0,0,0,COMEDY|HORROR
1052,0,0,0,0,0,0,0,1,0,0,0,0,0,0,0,0,0,0,DRAMA
1053,0,0,0,0,1,0,0,0,0,0,0,0,0,0,0,0,0,0,COMEDY
1054,0,0,0,0,0,0,0,1,0,0,0,0,0,0,0,0,0,0,DRAMA
1055,0,0,0,0,0,0,0,0,0,0,1,0,0,0,0,0,0,0,HORROR
1056,0,0,0,0,1,0,0,0,0,0,0,0,0,0,0,0,0,0,COMEDY
1057,0,1,0,0,0,0,0,1,0,0,0,0,0,0,0,0,0,0,ADVENTURE|DRAMA
1058,0,0,0,0,1,0,0,0,0,0,0,0,0,0,0,0,0,0,COMEDY
1059,0,1,0,1,0,0,0,0,0,0,0,0,0,0,0,0,0,0,ADVENTURE|CHILDREN
1060,0,0,0,0,1,0,0,1,0,0,0,0,0,0,0,0,0,0,COMEDY|DRAMA
1061,0,0,0,0,0,0,0,1,0,0,0,0,0,0,0,0,0,0,DRAMA
1062,0,0,0,1,0,0,0,1,0,0,0,0,0,0,0,0,0,0,CHILDREN|DRAMA
1063,0,0,0,0,0,1,0,0,0,1,0,0,0,0,0,0,0,0,CRIME|FILM NOIR
1064,0,0,0,0,0,0,1,0,0,0,0,0,0,0,0,0,1,0,DOCUMENTRY|WAR
1065,0,0,1,1,0,0,0,0,0,0,0,0,0,0,0,0,0,0,ANIMATION|CHILDREN
1066,0,0,0,0,1,0,0,0,0,0,0,0,0,0,0,0,0,0,COMEDY
1067,0,0,0,0,0,0,0,1,0,0,0,0,0,0,0,0,0,0,DRAMA
1068,0,0,0,0,0,1,0,1,0,0,0,0,0,0,0,1,0,0,CRIME|DRAMA|THIRILLER
1069,0,0,0,0,1,0,0,0,0,0,0,0,0,0,0,0,0,0,COMEDY
1070,0,0,0,0,1,0,0,0,0,0,0,0,0,0,0,0,0,0,COMEDY
1071,0,0,0,0,1,0,0,0,0,0,0,0,0,1,0,0,0,0,COMEDY|ROMANCE
1072,0,0,0,0,0,0,0,0,0,0,0,0,0,0,0,1,0,0,THIRILLER
1073,0,0,0,0,1,0,0,1,0,0,0,0,0,0,0,0,0,0,COMEDY|DRAMA
1074,0,0,0,0,0,0,0,1,0,0,0,0,0,0,0,0,0,0,DRAMA
1075,1,1,1,1,0,0,0,0,1,0,0,0,0,0,0,0,0,0,ACTION|ADVENTURE|ANIMATION|CHILDREN|FANTASY
1076,0,0,0,0,0,0,0,0,0,0,0,0,0,0,0,1,0,0,THIRILLER
1077,0,0,1,1,0,0,0,0,0,0,0,0,0,0,0,0,0,0,ANIMATION|CHILDREN
1078,0,0,0,0,1,0,0,0,0,0,0,1,0,0,0,0,0,0,COMEDY|MUSICAL
1079,0,0,0,0,1,0,0,0,0,0,0,0,0,0,0,0,0,0,COMEDY
1080,0,0,0,0,0,1,0,0,0,0,0,0,0,0,0,0,0,0,CRIME
1081,0,0,0,0,0,0,0,1,0,0,0,0,0,0,0,0,0,0,DRAMA
1082,0,0,0,0,0,1,0,0,0,0,0,0,0,0,0,1,0,0,CRIME|THIRILLER
1083,0,0,0,0,0,0,1,0,0,0,0,0,0,0,0,0,0,0,DOCUMENTRY
1084,0,0,0,0,0,0,0,1,0,0,0,0,0,1,0,0,0,0,DRAMA|ROMANCE
1085,0,0,0,0,0,0,0,1,0,0,0,0,0,0,0,0,0,0,DRAMA
1086,1,0,0,0,0,0,0,0,0,0,0,0,0,0,0,0,0,0,ACTION
1087,1,0,0,0,0,0,0,0,0,0,0,0,0,0,0,0,0,0,ACTION
1088,1,0,0,0,0,0,0,0,0,0,0,0,0,1,0,1,0,0,ACTION|ROMANCE|THIRILLER
1089,0,0,0,0,0,0,0,0,0,0,0,0,0,0,0,1,0,0,THIRILLER
1090,0,1,1,1,0,0,0,0,0,0,0,1,0,0,0,0,0,0,ADVENTURE|ANIMATION|CHILDREN|MUSICAL
1091,0,0,0,0,1,0,0,0,0,0,0,0,0,0,0,0,0,0,COMEDY
1092,0,0,0,0,1,0,0,0,0,0,0,0,0,0,0,0,0,0,COMEDY
1093,0,0,0,0,1,0,0,0,0,0,0,0,0,0,0,0,0,0,COMEDY
1094,0,0,0,0,1,0,0,0,0,0,0,0,0,0,0,0,0,0,COMEDY
1095,0,0,0,0,0,0,0,0,0,0,0,0,0,1,0,0,0,0,ROMANCE
1096,0,0,0,0,0,0,0,1,0,0,0,0,0,0,0,0,0,0,DRAMA
1097,0,0,0,0,1,0,0,0,0,0,0,0,0,0,0,0,0,0,COMEDY
1098,0,0,0,0,0,0,0,1,0,0,0,0,0,0,0,0,0,0,DRAMA
1099,0,0,0,0,1,0,0,1,0,0,0,0,0,1,0,0,0,0,COMEDY|DRAMA|ROMANCE
1100,0,0,0,0,0,0,0,1,0,0,0,0,1,0,0,0,0,0,DRAMA|MYSTERY
1101,0,0,0,0,1,0,0,0,0,0,0,0,0,1,0,0,0,0,COMEDY|ROMANCE
1102,0,0,0,0,1,0,0,1,0,0,0,0,0,0,0,0,0,0,COMEDY|DRAMA
1103,0,0,0,0,1,1,0,1,0,0,0,0,0,0,0,0,0,0,COMEDY|CRIME|DRAMA
1104,1,1,0,0,0,0,0,0,0,0,0,0,0,0,0,1,0,0,ACTION|ADVENTURE|THIRILLER
1105,0,0,0,0,0,1,0,1,0,0,0,0,0,0,0,0,0,0,CRIME|DRAMA
1106,0,0,0,0,0,0,0,1,0,0,0,0,0,0,0,0,0,0,DRAMA
1107,0,0,0,0,0,0,0,1,0,0,0,0,0,0,0,0,0,0,DRAMA
1108,0,0,0,0,0,0,0,1,0,0,0,0,0,0,0,1,0,0,DRAMA|THIRILLER
1109,1,0,0,0,1,0,0,0,0,0,0,1,0,0,1,0,0,0,ACTION|COMEDY|MUSICAL|SCIFI
1110,0,0,0,0,0,0,0,1,0,0,0,0,0,0,0,0,0,0,DRAMA
1111,0,0,0,0,0,0,0,1,0,0,0,0,0,0,0,0,0,0,DRAMA
1112,0,0,0,0,0,0,0,1,0,0,0,0,0,0,0,0,0,0,DRAMA
1113,0,0,0,0,1,0,0,0,0,0,0,0,0,0,0,0,0,0,COMEDY
1114,0,0,0,0,1,0,0,1,0,0,0,0,0,1,0,0,0,0,COMEDY|DRAMA|ROMANCE
1115,0,1,0,0,0,0,0,0,0,0,0,0,0,0,0,0,0,0,ADVENTURE
1116,0,0,0,0,0,0,0,1,0,0,0,0,0,0,0,0,0,0,DRAMA
1117,0,0,0,0,1,0,0,0,0,0,0,0,0,0,0,0,0,0,COMEDY
1118,0,0,0,0,0,0,0,1,0,0,0,0,0,1,0,0,0,0,DRAMA|ROMANCE
1119,0,0,0,0,1,0,0,0,0,0,0,0,0,0,0,0,0,0,COMEDY
1120,0,0,0,0,0,0,0,1,0,0,0,1,0,0,0,0,0,0,DRAMA|MUSICAL
1121,0,0,0,0,0,1,0,1,0,0,0,0,0,0,0,0,0,0,CRIME|DRAMA
1122,0,0,0,0,0,0,0,1,0,0,0,0,0,0,0,0,0,0,DRAMA
1123,0,0,0,0,0,0,0,0,0,0,0,0,0,1,0,0,1,0,ROMANCE|WAR
1124,0,0,0,0,0,0,0,0,0,0,0,0,0,0,0,1,0,0,THIRILLER
1125,0,1,0,0,0,0,0,1,0,0,0,0,0,0,0,0,0,0,ADVENTURE|DRAMA
1126,0,0,0,0,0,0,0,1,0,0,0,0,0,0,0,0,0,0,DRAMA
1127,0,0,0,0,0,0,1,0,0,0,0,0,0,0,0,0,0,0,DOCUMENTRY
1128,0,0,0,0,0,0,0,1,0,0,0,0,1,1,0,0,0,0,DRAMA|MYSTERY|ROMANCE
1129,0,0,0,0,0,0,1,0,0,0,0,0,0,0,0,0,0,0,DOCUMENTRY
1130,0,0,0,0,0,0,0,0,0,0,0,0,0,0,0,1,0,0,THIRILLER
1131,0,0,0,0,0,0,0,1,0,0,0,0,0,1,0,0,0,0,DRAMA|ROMANCE
1132,0,1,0,1,0,0,0,0,1,0,0,0,0,0,0,0,0,0,ADVENTURE|CHILDREN|FANTASY
1133,0,0,0,0,0,0,0,1,0,0,0,0,0,0,0,0,0,0,DRAMA
1134,0,0,0,0,0,0,0,1,0,0,0,1,0,0,0,0,0,0,DRAMA|MUSICAL
1135,0,0,0,0,0,0,0,1,0,0,0,0,0,0,0,0,0,0,DRAMA
1136,0,0,0,0,0,0,0,1,0,0,0,0,0,1,0,0,0,0,DRAMA|ROMANCE
1137,1,0,0,0,1,1,0,1,0,0,0,0,0,0,0,0,0,0,ACTION|COMEDY|CRIME|DRAMA
1138,1,0,0,0,0,1,0,0,0,0,0,0,0,0,0,1,0,0,ACTION|CRIME|THIRILLER
1139,0,0,0,0,1,0,0,0,0,0,0,0,0,0,0,0,0,0,COMEDY
1140,0,0,0,0,0,0,1,0,0,0,0,0,0,0,0,0,0,0,DOCUMENTRY
1141,0,0,0,0,0,0,1,0,0,0,0,0,0,0,0,0,0,0,DOCUMENTRY
1142,0,0,0,0,0,1,0,0,0,0,0,0,0,0,0,1,0,0,CRIME|THIRILLER
1143,0,0,0,0,0,0,0,1,0,0,0,0,0,0,0,0,0,0,DRAMA
1144,0,0,0,0,0,0,0,1,0,0,0,0,0,0,0,0,0,0,DRAMA
1145,0,0,0,0,0,0,0,1,0,0,0,0,0,0,0,0,0,0,DRAMA
1146,0,0,0,0,0,0,0,1,0,0,0,0,0,0,0,0,0,0,DRAMA
1147,0,0,0,0,0,0,0,1,0,0,0,0,0,0,0,0,0,0,DRAMA
1148,0,0,0,0,0,0,0,1,0,0,0,0,0,0,0,0,0,0,DRAMA
1149,0,0,0,0,0,0,0,1,0,0,0,0,0,0,0,0,0,0,DRAMA
1150,0,0,0,0,0,1,0,0,0,0,0,0,0,0,0,0,0,0,CRIME
1151,0,0,0,0,0,0,0,0,0,0,0,0,0,1,0,0,1,0,ROMANCE|WAR
1152,0,0,0,0,0,0,0,1,0,0,0,1,0,0,0,0,0,0,DRAMA|MUSICAL
1153,0,0,0,0,0,0,0,0,0,0,0,0,0,0,1,0,0,0,SCIFI
1154,0,0,0,0,1,0,0,0,0,0,0,0,0,1,0,0,0,0,COMEDY|ROMANCE
1155,0,0,0,0,0,1,0,1,0,0,0,0,0,0,0,0,0,0,CRIME|DRAMA
1156,0,0,0,0,0,0,0,0,0,0,1,0,0,0,0,0,0,0,HORROR
1157,0,0,0,0,0,0,0,1,0,0,0,0,0,0,0,0,0,0,DRAMA
1158,0,0,0,0,0,0,0,0,0,0,0,0,1,0,1,0,0,0,MYSTERY|SCIFI
1159,0,0,0,0,0,0,0,1,0,0,0,0,0,1,0,0,0,0,DRAMA|ROMANCE
1160,1,0,0,0,0,0,0,1,0,0,0,0,0,0,0,0,0,0,ACTION|DRAMA
1161,0,0,0,0,1,0,0,0,0,0,0,0,0,0,0,0,0,0,COMEDY
1162,0,0,0,0,0,0,0,1,0,0,0,0,0,0,0,0,0,0,DRAMA
1163,0,0,0,1,0,0,0,0,0,0,0,0,0,0,0,0,0,0,CHILDREN
1164,0,0,0,0,1,0,0,1,0,0,0,0,0,0,0,0,0,0,COMEDY|DRAMA
1165,0,0,0,0,1,0,0,0,0,0,0,0,0,0,0,0,0,0,COMEDY
1166,0,0,0,0,1,0,0,0,0,0,0,0,0,0,0,0,0,0,COMEDY
1167,0,0,0,0,0,0,0,1,0,0,0,0,0,0,0,0,0,0,DRAMA
1168,0,0,0,0,0,0,0,1,0,0,0,0,0,0,0,0,0,0,DRAMA
1169,0,0,0,0,1,0,0,1,0,0,0,0,0,0,0,0,0,0,COMEDY|DRAMA
1170,0,0,0,0,0,0,0,1,0,0,0,0,0,0,0,0,0,0,DRAMA
1171,0,0,0,0,1,0,0,0,0,0,0,0,0,0,0,0,0,0,COMEDY
1172,0,0,0,0,0,0,0,1,0,0,0,0,0,1,0,0,0,0,DRAMA|ROMANCE
1173,0,0,0,0,0,0,0,1,0,0,0,0,0,0,0,1,0,0,DRAMA|THIRILLER
1174,0,0,0,0,0,0,0,0,0,0,0,0,0,1,0,0,0,0,ROMANCE
1175,0,0,0,0,0,0,0,1,0,0,0,0,0,0,0,0,1,0,DRAMA|WAR
1176,0,0,0,0,1,0,0,0,0,0,0,0,0,0,0,0,0,0,COMEDY
1177,0,0,0,0,1,0,0,0,0,0,0,0,0,0,0,0,0,0,COMEDY
1178,0,0,0,0,1,0,0,0,0,0,0,0,0,0,0,0,0,0,COMEDY
1179,1,0,0,0,1,0,0,0,0,0,0,0,0,0,0,0,0,0,ACTION|COMEDY
1180,1,0,0,0,1,0,0,0,0,0,0,0,0,0,0,0,0,0,ACTION|COMEDY
1181,0,0,0,0,1,0,0,0,0,0,0,0,0,0,0,0,0,0,COMEDY
1182,1,0,0,0,1,0,0,0,0,0,0,0,0,0,0,0,0,0,ACTION|COMEDY
1183,0,0,0,0,0,0,1,0,0,0,0,0,0,0,0,0,0,0,DOCUMENTRY
1184,0,0,0,0,1,0,0,0,0,0,0,0,0,0,0,0,1,0,COMEDY|WAR
1185,0,0,0,0,1,0,0,1,0,0,0,0,0,0,0,0,0,0,COMEDY|DRAMA
1186,0,0,0,0,0,1,0,0,0,0,0,0,0,0,0,0,0,0,CRIME
1187,1,0,0,0,1,0,0,0,0,0,0,0,0,0,0,0,0,1,ACTION|COMEDY|WESTERN
1188,0,0,0,0,0,0,0,1,0,0,0,0,0,0,0,0,0,0,DRAMA
1189,0,0,0,0,1,0,0,0,0,0,0,0,0,1,0,0,0,0,COMEDY|ROMANCE
1190,0,0,0,0,0,1,0,1,0,0,0,0,0,0,0,0,0,0,CRIME|DRAMA
1191,0,0,0,0,0,0,0,1,0,0,0,0,0,0,0,0,0,0,DRAMA
1192,0,0,0,0,0,0,0,1,0,0,0,0,0,0,0,0,0,0,DRAMA
1193,0,0,0,0,0,1,0,1,0,0,0,0,0,0,0,0,0,0,CRIME|DRAMA
1194,0,0,0,0,0,0,0,1,0,0,0,0,0,0,0,0,0,0,DRAMA
1195,0,0,0,0,0,0,0,1,0,0,0,0,0,0,0,0,0,0,DRAMA
1196,0,0,0,0,1,0,0,1,0,0,0,0,0,0,0,0,0,0,COMEDY|DRAMA
1197,0,0,0,0,0,1,0,0,0,0,0,0,0,0,0,1,0,0,CRIME|THIRILLER
1198,0,0,0,0,1,0,0,0,0,0,1,0,0,0,0,0,0,0,COMEDY|HORROR
1199,0,0,0,1,0,0,0,1,0,0,0,0,0,0,0,0,0,0,CHILDREN|DRAMA
1200,0,0,0,0,0,0,1,0,0,0,0,0,0,0,0,0,0,0,DOCUMENTRY
1201,0,0,0,0,1,0,0,0,0,0,0,0,0,0,0,0,0,0,COMEDY
1202,0,0,0,0,1,0,0,0,0,0,0,1,0,1,0,0,0,0,COMEDY|MUSICAL|ROMANCE
1203,0,0,0,0,1,0,0,1,0,0,0,0,0,0,0,0,1,0,COMEDY|DRAMA|WAR
1204,0,0,0,0,0,0,0,1,0,0,0,0,0,0,0,0,0,0,DRAMA
1205,0,0,0,0,1,0,0,0,0,0,0,0,0,0,0,0,0,0,COMEDY
1206,0,0,0,0,0,0,0,0,0,0,0,0,0,0,0,1,0,0,THIRILLER
1207,0,0,0,0,0,1,0,1,0,0,0,0,0,0,0,1,0,0,CRIME|DRAMA|THIRILLER
1208,0,0,0,0,1,0,0,0,0,0,0,0,0,0,0,0,0,0,COMEDY
1209,0,0,0,0,0,0,0,0,0,0,0,0,0,0,1,1,0,0,SCIFI|THIRILLER
1210,0,0,0,0,0,0,0,1,0,0,0,0,0,1,0,0,0,0,DRAMA|ROMANCE
1211,0,0,0,0,0,0,0,1,0,0,0,0,1,1,0,0,0,0,DRAMA|MYSTERY|ROMANCE
1212,0,0,0,0,0,1,0,1,0,0,0,0,0,0,0,1,0,0,CRIME|DRAMA|THIRILLER
1213,0,0,0,0,0,0,0,1,0,0,0,0,0,0,0,0,0,0,DRAMA
1214,1,0,0,0,0,0,0,0,0,0,0,0,0,0,1,0,0,0,ACTION|SCIFI
1215,0,0,0,0,0,0,0,0,0,0,0,0,0,1,0,0,0,0,ROMANCE
1216,0,0,0,0,0,0,0,0,0,0,0,0,0,0,0,1,0,0,THIRILLER
1217,0,0,0,0,1,0,0,0,0,0,0,0,0,0,0,0,0,0,COMEDY
1218,0,0,1,1,1,0,0,0,0,0,0,0,0,1,0,0,0,0,ANIMATION|CHILDREN|COMEDY|ROMANCE
1219,0,0,0,0,0,0,0,1,0,0,0,0,0,0,0,0,0,0,DRAMA
1220,0,0,0,0,0,0,0,1,0,0,0,0,0,0,0,0,0,0,DRAMA
1221,1,0,0,0,0,0,0,0,0,0,0,0,0,0,0,0,0,0,ACTION
1222,0,0,0,0,0,0,0,1,0,0,0,0,0,0,0,0,0,0,DRAMA
1223,0,0,0,0,0,0,0,1,0,0,0,0,0,0,0,0,0,0,DRAMA
1224,0,0,0,0,1,0,0,0,0,0,0,0,0,0,0,0,0,0,COMEDY
1225,0,0,0,0,0,1,0,1,0,0,0,0,0,0,0,0,0,0,CRIME|DRAMA
1226,0,0,0,0,0,0,0,1,0,0,0,0,0,0,0,0,0,0,DRAMA
1227,1,0,0,0,0,0,0,0,0,0,0,0,0,0,0,0,0,0,ACTION
1228,0,0,0,0,0,0,0,1,0,0,0,0,0,0,0,1,0,0,DRAMA|THIRILLER
1229,0,0,0,0,1,0,0,0,0,0,0,0,0,0,0,0,0,0,COMEDY
1230,1,0,0,0,0,0,0,1,0,0,0,0,0,0,0,0,0,0,ACTION|DRAMA
1231,0,0,0,0,0,0,1,0,0,0,0,0,0,0,0,0,0,0,DOCUMENTRY
1232,0,0,0,0,0,0,0,1,0,0,0,0,0,0,0,0,0,0,DRAMA
1233,0,0,0,0,1,0,0,0,0,0,0,0,0,0,0,0,0,0,COMEDY
1234,0,0,0,0,0,1,0,0,0,0,0,0,0,0,0,0,0,0,CRIME
1235,0,0,0,0,0,0,0,1,0,0,0,0,0,0,0,0,0,0,DRAMA
1236,0,0,0,0,1,0,0,1,0,0,0,0,0,0,0,0,0,0,COMEDY|DRAMA
1237,0,0,0,0,0,0,0,1,0,0,0,0,0,0,0,0,0,0,DRAMA
1238,1,1,0,0,0,0,0,0,0,0,0,0,0,1,0,0,0,0,ACTION|ADVENTURE|ROMANCE
1239,0,0,1,0,0,0,0,0,0,0,0,0,0,0,1,0,0,0,ANIMATION|SCIFI
1240,0,0,0,0,1,0,0,1,0,0,0,0,0,0,0,0,0,0,COMEDY|DRAMA
1241,0,0,0,0,1,0,0,0,0,0,0,0,0,0,0,0,0,0,COMEDY
1242,0,0,0,0,0,0,0,0,0,0,1,0,0,0,0,0,0,0,HORROR
1243,1,0,0,0,0,0,0,0,0,0,0,0,0,0,0,0,0,0,ACTION
1244,0,0,0,0,0,1,0,0,0,0,0,0,0,0,0,0,0,0,CRIME
1245,0,0,0,0,1,0,0,0,0,0,0,0,0,0,0,0,0,0,COMEDY
1246,0,0,0,0,0,0,0,0,0,0,0,0,0,0,0,0,0,1,WESTERN
1247,0,0,0,0,0,0,0,0,0,0,0,0,0,0,0,1,0,0,THIRILLER
1248,0,0,0,0,1,0,0,0,0,0,0,0,0,0,0,0,0,0,COMEDY
1249,1,0,0,0,0,0,0,0,0,0,0,0,0,0,0,0,0,0,ACTION
1250,0,0,0,0,1,0,0,0,0,0,0,0,0,0,0,0,0,0,COMEDY
1251,0,0,0,0,0,0,0,1,0,0,0,0,0,0,0,0,0,0,DRAMA
1252,0,0,0,0,0,0,0,0,0,0,0,0,0,0,0,1,0,0,THIRILLER
1253,0,0,0,0,1,0,0,0,0,0,0,0,0,0,0,0,0,0,COMEDY
1254,0,0,0,0,0,0,0,1,0,0,0,0,0,0,0,0,0,0,DRAMA
1255,0,0,0,0,0,0,0,1,0,0,0,0,0,0,0,0,0,0,DRAMA
1256,0,0,0,0,0,0,0,1,0,0,0,0,0,0,0,0,0,0,DRAMA
1257,0,0,0,0,1,0,0,0,0,0,0,0,0,1,0,0,0,0,COMEDY|ROMANCE
1258,0,0,0,0,1,0,0,0,0,0,0,0,0,1,0,0,0,0,COMEDY|ROMANCE
1259,0,0,0,0,0,0,0,1,0,0,0,0,0,0,0,0,0,0,DRAMA
1260,0,0,0,0,0,0,0,1,0,0,0,0,0,0,0,0,0,0,DRAMA
1261,0,0,0,0,0,0,0,0,0,0,0,0,0,1,0,0,0,0,ROMANCE
1262,0,0,0,0,0,0,0,1,0,0,0,0,0,0,0,0,0,0,DRAMA
1263,0,0,0,0,0,0,0,1,0,0,0,0,0,0,0,0,0,0,DRAMA
1264,0,0,0,0,0,0,0,1,0,0,0,0,0,0,0,0,0,0,DRAMA
1265,0,0,0,0,0,0,0,1,0,0,0,0,0,0,0,0,0,0,DRAMA
1266,0,0,0,0,0,0,0,1,0,0,0,0,0,0,0,0,0,0,DRAMA
1267,0,0,0,0,0,0,0,1,0,0,0,0,0,0,0,0,0,0,DRAMA
1268,0,0,0,0,1,0,0,0,0,0,0,0,0,1,0,0,0,0,COMEDY|ROMANCE
1269,0,0,0,0,1,0,0,0,0,0,0,0,0,0,0,0,0,0,COMEDY
1270,0,0,0,0,1,0,0,0,0,0,0,0,0,0,0,0,0,0,COMEDY
1271,0,0,0,0,1,0,0,1,0,0,0,0,0,0,0,0,0,0,COMEDY|DRAMA
1272,0,0,0,0,0,0,0,1,0,0,0,0,0,0,0,1,0,0,DRAMA|THIRILLER
1273,0,0,0,0,0,0,0,0,0,0,0,0,0,0,1,1,0,0,SCIFI|THIRILLER
1274,0,0,0,0,0,0,0,0,0,0,0,0,0,0,0,1,0,0,THIRILLER
1275,0,0,0,0,0,0,0,1,0,0,0,0,0,0,0,0,0,0,DRAMA
1276,1,0,0,0,0,1,0,0,0,0,0,0,0,0,0,0,0,0,ACTION|CRIME
1277,0,0,0,0,0,0,0,1,0,0,0,1,0,0,0,0,0,0,DRAMA|MUSICAL
1278,0,1,0,1,0,0,0,0,0,0,0,0,0,0,0,0,0,0,ADVENTURE|CHILDREN
1279,0,0,0,0,0,1,0,0,0,0,0,0,0,0,0,0,0,0,CRIME
1280,0,0,0,0,0,0,0,1,0,0,0,0,0,0,0,0,0,0,DRAMA
1281,0,0,0,0,0,0,0,1,0,0,0,0,0,0,0,0,0,0,DRAMA
1282,0,0,0,0,1,0,0,0,0,0,0,0,0,0,0,0,0,0,COMEDY
1283,0,0,0,0,0,0,0,1,0,0,0,0,1,0,0,0,0,0,DRAMA|MYSTERY
1284,0,0,0,0,0,0,0,1,0,0,0,0,0,0,0,0,0,0,DRAMA
1285,0,0,0,0,1,0,0,0,0,0,0,1,0,1,0,0,0,0,COMEDY|MUSICAL|ROMANCE
1286,0,0,0,0,1,0,0,0,0,0,0,0,0,0,0,0,0,0,COMEDY
1287,0,0,0,0,1,0,0,0,0,0,0,0,0,0,0,0,0,0,COMEDY
1288,0,0,0,0,0,0,0,0,0,0,0,0,0,1,0,0,0,0,ROMANCE
1289,0,0,0,0,0,0,0,1,0,0,0,0,0,1,0,0,0,0,DRAMA|ROMANCE
1290,0,0,0,0,1,0,0,0,0,0,0,0,0,0,0,0,0,0,COMEDY
1291,0,0,0,1,0,0,0,0,1,0,0,0,0,0,0,0,0,0,CHILDREN|FANTASY
1292,0,1,0,1,0,0,0,0,1,0,0,0,0,0,1,0,0,0,ADVENTURE|CHILDREN|FANTASY|SCIFI
1293,0,0,0,0,0,0,1,0,0,0,0,0,0,0,0,0,0,0,DOCUMENTRY
1294,0,0,0,0,1,0,0,1,0,0,0,0,0,0,0,0,0,0,COMEDY|DRAMA
1295,0,0,0,0,1,0,0,1,0,0,0,0,0,0,0,0,0,0,COMEDY|DRAMA
1296,0,0,0,0,0,0,0,1,0,0,0,0,0,1,0,0,0,0,DRAMA|ROMANCE
1297,0,0,0,0,1,0,0,0,0,0,0,1,0,0,0,0,0,0,COMEDY|MUSICAL
1298,0,0,0,0,0,0,0,1,0,0,0,0,0,1,0,0,0,0,DRAMA|ROMANCE
1299,0,0,0,0,0,0,0,1,0,0,0,0,0,1,0,0,0,0,DRAMA|ROMANCE
1300,0,0,0,0,1,0,0,0,0,0,0,0,0,0,0,0,0,0,COMEDY
1301,0,0,0,0,1,0,0,0,0,0,0,0,0,0,0,0,0,0,COMEDY
1302,1,0,0,0,0,0,0,0,0,0,0,0,0,0,0,0,0,0,ACTION
1303,1,0,0,0,0,1,0,0,0,0,0,0,0,0,0,0,0,0,ACTION|CRIME
1304,0,0,0,0,1,0,0,0,0,0,0,0,0,0,0,0,0,0,COMEDY
1305,0,0,0,0,0,0,0,1,0,0,0,0,0,0,0,0,0,0,DRAMA
1306,0,0,0,0,0,0,1,0,0,0,0,0,0,0,0,0,0,0,DOCUMENTRY
1307,0,0,0,0,1,0,0,1,0,0,0,0,0,0,0,0,0,0,COMEDY|DRAMA
1308,0,0,0,0,0,0,0,1,0,0,0,0,0,0,0,0,0,0,DRAMA
1309,0,0,0,0,0,0,0,1,0,0,0,0,0,0,0,0,0,0,DRAMA
1310,0,0,0,0,1,0,0,1,0,0,0,0,0,0,0,0,0,0,COMEDY|DRAMA
1311,0,0,0,0,1,0,0,1,0,0,0,0,0,0,0,0,0,0,COMEDY|DRAMA
1312,0,0,0,0,0,0,0,0,0,1,0,0,1,0,0,1,0,0,FILM NOIR|MYSTERY|THIRILLER
1313,1,1,0,0,0,0,0,0,0,0,0,0,0,0,0,1,0,0,ACTION|ADVENTURE|THIRILLER
1314,0,0,0,0,0,0,0,1,0,0,0,0,0,1,0,0,0,0,DRAMA|ROMANCE
1315,0,0,0,0,0,0,0,1,0,0,0,0,0,0,0,0,0,0,DRAMA
1316,0,0,0,0,0,0,0,1,0,0,0,0,0,0,0,0,0,0,DRAMA
1317,0,0,0,0,0,0,1,0,0,0,0,0,0,0,0,0,0,0,DOCUMENTRY
1318,0,0,0,0,0,0,0,1,0,0,0,0,0,0,0,0,0,0,DRAMA
1319,0,0,0,0,0,0,0,1,0,0,0,0,0,0,0,0,0,0,DRAMA
1320,0,0,0,0,1,0,0,0,0,0,0,0,0,0,0,0,0,0,COMEDY
1321,0,0,0,0,1,0,0,0,0,0,0,0,0,0,0,0,0,0,COMEDY
1322,0,0,0,0,0,0,0,1,0,0,0,0,0,0,0,0,0,0,DRAMA
1323,0,0,0,0,0,0,0,1,0,0,0,0,0,0,0,1,0,0,DRAMA|THIRILLER
1324,0,0,0,0,0,0,0,1,0,0,0,0,0,0,0,0,0,0,DRAMA
1325,0,0,0,0,0,0,0,1,0,0,0,0,0,0,0,0,0,0,DRAMA
1326,0,0,0,0,0,0,0,1,0,0,0,0,0,0,0,0,0,0,DRAMA
1327,0,0,0,0,0,0,0,1,0,0,0,0,0,0,0,0,0,0,DRAMA
1328,0,0,0,0,0,0,0,1,0,0,0,0,0,0,0,0,0,0,DRAMA
1329,0,0,0,0,0,0,0,1,0,0,0,0,0,0,0,0,0,0,DRAMA
1330,0,0,0,0,0,0,1,0,0,0,0,0,0,0,0,0,0,0,DOCUMENTRY
1331,0,0,0,0,0,0,0,1,0,0,0,0,0,0,0,0,0,0,DRAMA
1332,0,0,0,0,1,0,0,1,0,0,0,0,0,0,0,0,0,0,COMEDY|DRAMA
1333,0,0,0,0,0,0,0,1,0,0,0,0,0,0,0,0,0,0,DRAMA
1334,0,0,0,0,0,0,0,1,0,0,0,0,0,0,0,0,0,0,DRAMA
1335,0,0,0,1,1,0,0,0,1,0,0,0,0,0,0,0,0,0,CHILDREN|COMEDY|FANTASY
1336,0,0,0,0,1,0,0,0,0,0,0,0,0,0,0,0,0,0,COMEDY
1337,0,0,0,0,0,0,0,1,0,0,0,0,0,0,0,0,0,0,DRAMA
1338,0,0,0,0,1,0,0,1,0,0,0,0,0,0,0,0,0,0,COMEDY|DRAMA
1339,0,0,0,0,0,0,0,0,0,0,0,0,0,1,0,0,0,0,ROMANCE
1340,0,0,0,0,0,0,0,1,0,0,0,0,0,0,0,0,0,0,DRAMA
1341,0,0,0,0,0,0,0,1,0,0,0,0,0,0,0,0,0,0,DRAMA
1342,0,0,0,0,0,0,0,1,0,0,0,0,0,0,0,0,0,0,DRAMA
1343,0,0,0,0,0,0,0,1,0,0,0,0,0,0,0,0,0,0,DRAMA
1344,0,0,0,0,0,0,0,1,0,0,0,0,0,0,0,0,0,0,DRAMA
1345,0,0,0,0,0,0,0,1,0,0,0,0,0,0,0,0,0,0,DRAMA
1346,0,0,0,0,0,0,0,1,0,0,0,0,0,0,0,0,0,0,DRAMA
1347,0,0,0,0,0,0,0,1,0,0,0,0,0,0,0,0,0,0,DRAMA
1348,0,0,0,0,1,0,0,0,0,0,0,0,0,0,0,0,0,0,COMEDY
1349,0,0,0,0,0,0,0,1,0,0,0,0,0,0,0,0,0,0,DRAMA
1350,0,0,0,0,1,0,0,0,0,0,0,0,0,0,0,0,0,0,COMEDY
1351,0,0,0,0,0,0,0,1,0,0,0,0,0,0,0,0,0,0,DRAMA
1352,0,0,0,0,0,0,0,0,0,0,0,0,0,1,0,0,0,0,ROMANCE
1353,0,0,0,0,0,0,0,1,0,0,0,0,0,0,0,0,0,0,DRAMA
1354,0,0,0,0,0,0,0,1,0,0,0,0,0,0,0,0,0,0,DRAMA
1355,0,0,0,0,1,0,0,0,0,0,0,0,0,0,0,0,0,0,COMEDY
1356,0,0,0,0,0,0,0,0,0,0,0,0,0,1,0,0,1,0,ROMANCE|WAR
1357,1,0,0,0,0,0,0,0,0,0,0,0,0,0,0,0,0,0,ACTION
1358,0,0,0,0,0,0,0,1,0,0,0,0,0,0,0,0,0,0,DRAMA
1359,0,0,0,0,1,0,0,0,0,0,0,0,0,0,0,0,0,0,COMEDY
1360,0,0,0,0,1,0,0,0,0,0,0,0,0,0,0,0,0,0,COMEDY
1361,1,0,0,0,0,0,0,0,0,0,0,0,0,0,0,0,0,0,ACTION
1362,0,0,0,0,0,0,1,0,0,0,0,0,0,0,0,0,0,0,DOCUMENTRY
1363,1,0,0,0,0,0,0,0,0,0,0,0,0,0,0,0,0,0,ACTION
1364,1,0,0,0,0,0,0,1,0,0,0,0,0,0,0,0,0,0,ACTION|DRAMA
1365,0,0,0,0,0,0,1,1,0,0,0,0,0,0,0,0,0,0,DOCUMENTRY|DRAMA
1366,0,0,1,0,0,0,0,0,0,0,0,0,0,0,0,0,0,0,ANIMATION
1367,0,0,0,0,0,0,0,1,0,0,0,0,0,0,0,0,0,0,DRAMA
1368,0,0,0,0,0,0,0,1,0,0,0,0,0,0,0,0,0,0,DRAMA
1369,0,0,0,0,0,0,0,1,0,0,0,0,0,0,0,1,0,0,DRAMA|THIRILLER
1370,0,0,0,0,1,0,0,0,0,0,1,0,0,0,0,0,0,0,COMEDY|HORROR
1371,1,0,0,0,0,0,0,0,0,0,0,0,0,0,0,0,0,0,ACTION
1372,0,0,0,0,0,0,0,0,0,0,0,0,0,0,0,0,0,0,
1373,0,0,0,0,1,0,0,0,0,0,0,0,0,0,0,0,0,0,COMEDY
1374,0,0,0,0,0,0,0,1,0,0,0,0,0,0,0,0,0,0,DRAMA
1375,0,0,0,0,1,0,0,0,0,0,0,0,0,0,0,0,0,0,COMEDY
1376,0,0,0,0,1,0,0,0,0,0,0,0,0,1,0,0,0,0,COMEDY|ROMANCE
1377,0,0,0,0,0,0,1,0,0,0,0,0,0,0,0,0,0,0,DOCUMENTRY
1378,0,0,0,0,0,0,0,0,0,0,0,0,0,1,0,0,0,0,ROMANCE
1379,0,0,0,0,0,0,0,1,0,0,0,0,0,0,0,0,0,0,DRAMA
1380,0,0,0,0,0,0,0,1,0,0,0,0,0,0,0,0,0,0,DRAMA
1381,0,0,0,0,0,0,0,1,0,0,0,0,0,0,0,0,0,0,DRAMA
1382,0,1,0,1,0,0,0,0,0,0,0,0,0,0,0,0,0,0,ADVENTURE|CHILDREN
1383,0,0,0,0,0,0,0,1,0,0,0,0,0,0,0,0,0,0,DRAMA
1384,0,0,0,0,1,0,0,0,0,0,0,0,0,1,0,0,0,0,COMEDY|ROMANCE
1385,0,0,0,0,0,0,0,0,0,0,0,0,0,0,1,0,0,0,SCIFI
1386,0,0,0,0,0,0,0,0,0,0,0,0,0,1,0,0,0,0,ROMANCE
1387,0,0,0,0,0,0,0,1,0,0,0,0,0,0,0,0,0,0,DRAMA
1388,0,0,0,0,0,0,0,1,0,0,0,0,0,0,0,0,0,0,DRAMA
1389,0,0,0,0,0,1,0,0,0,0,0,0,0,0,0,0,0,0,CRIME
1390,0,0,0,0,0,0,0,1,0,0,0,0,0,0,0,0,0,0,DRAMA
1391,0,0,0,0,0,0,0,1,0,0,0,0,0,0,0,0,0,0,DRAMA
1392,1,0,0,0,0,0,0,0,0,0,0,0,0,0,0,1,0,0,ACTION|THIRILLER
1393,0,0,0,0,0,0,0,0,0,0,0,0,0,1,0,0,0,0,ROMANCE
1394,0,0,0,0,0,0,0,1,0,0,0,0,0,0,0,0,0,0,DRAMA
1395,0,0,0,0,0,0,0,1,0,0,0,0,0,0,0,0,0,0,DRAMA
1396,0,0,0,0,0,0,0,1,0,0,0,0,0,0,0,0,0,0,DRAMA
1397,0,0,0,0,0,0,0,1,0,0,0,0,0,0,0,0,0,0,DRAMA
1398,0,0,0,0,0,0,0,0,0,0,0,0,0,0,0,1,0,0,THIRILLER
1399,0,0,0,0,0,0,0,1,0,0,0,0,0,1,0,0,0,0,DRAMA|ROMANCE
1400,0,0,0,0,0,0,0,1,0,0,0,0,0,0,0,0,0,0,DRAMA
1401,0,0,0,0,0,0,0,1,0,0,0,0,0,0,0,0,0,0,DRAMA
1402,0,0,0,0,1,0,0,1,0,0,0,0,0,0,0,0,0,0,COMEDY|DRAMA
1403,0,0,0,0,1,0,0,0,0,0,0,0,0,0,0,0,0,0,COMEDY
1404,0,0,0,0,0,0,0,1,0,0,0,0,0,0,0,0,0,0,DRAMA
1405,0,0,0,0,0,0,0,1,0,0,0,0,0,1,0,0,0,0,DRAMA|ROMANCE
1406,1,0,0,0,0,0,0,0,0,0,0,0,0,0,0,0,0,0,ACTION
1407,0,0,0,0,1,0,0,0,0,0,0,0,0,0,0,0,0,0,COMEDY
1408,0,0,1,1,0,0,0,0,0,0,0,0,0,0,0,0,0,0,ANIMATION|CHILDREN
1409,0,0,0,0,0,0,0,1,0,0,0,0,0,0,0,0,0,0,DRAMA
1410,0,1,0,0,0,0,0,0,0,0,0,0,0,0,1,0,0,0,ADVENTURE|SCIFI
1411,0,0,1,1,0,0,0,0,0,0,0,0,0,0,0,0,0,0,ANIMATION|CHILDREN
1412,1,0,0,0,0,0,0,0,0,0,0,0,0,0,0,0,0,0,ACTION
1413,1,0,0,0,0,0,0,0,0,0,0,0,0,0,0,0,0,0,ACTION
1414,1,0,0,1,0,0,0,0,0,0,0,0,0,0,0,0,0,0,ACTION|CHILDREN
1415,1,0,0,0,0,0,0,0,0,0,0,0,0,0,1,0,0,0,ACTION|SCIFI
1416,0,0,0,0,0,0,0,1,0,0,0,0,0,0,0,0,0,0,DRAMA
1417,0,0,0,0,0,0,0,1,0,0,0,0,0,0,0,0,0,0,DRAMA
1418,1,0,0,0,0,0,0,0,0,0,0,0,0,0,1,0,0,0,ACTION|SCIFI
1419,0,0,0,0,1,0,0,0,0,0,0,0,0,0,0,0,0,0,COMEDY
1420,0,0,0,0,0,0,0,1,0,0,0,0,0,0,0,0,0,0,DRAMA
1421,0,0,0,0,0,0,0,0,0,1,0,0,0,0,0,1,0,0,FILM NOIR|THIRILLER
1422,0,0,0,0,0,0,0,1,0,0,0,0,0,0,0,0,1,0,DRAMA|WAR
1423,0,0,0,0,1,0,0,1,0,0,0,0,0,1,0,0,0,0,COMEDY|DRAMA|ROMANCE
1424,0,0,0,0,1,0,0,1,0,0,0,0,0,0,0,0,0,0,COMEDY|DRAMA
1425,0,0,0,0,1,0,0,1,0,0,0,0,0,0,0,0,0,0,COMEDY|DRAMA
1426,0,0,0,0,0,0,0,1,0,0,0,0,0,0,0,0,0,0,DRAMA
1427,0,0,0,0,1,0,0,0,0,0,0,0,0,0,0,0,0,0,COMEDY
1428,0,0,0,0,0,0,0,1,0,0,0,0,0,1,0,0,0,0,DRAMA|ROMANCE
1429,0,0,0,0,0,0,0,1,0,0,0,0,0,0,0,0,0,0,DRAMA
1430,0,0,0,0,0,0,0,0,0,0,0,0,0,0,0,1,0,0,THIRILLER
1431,0,0,0,0,0,0,0,1,0,0,0,0,0,0,0,0,0,0,DRAMA
1432,1,0,0,0,0,0,0,1,0,0,0,0,0,0,0,0,0,0,ACTION|DRAMA
1433,0,0,0,0,0,0,0,0,0,0,0,0,0,1,0,0,0,0,ROMANCE
1434,0,0,0,0,1,0,0,0,0,0,0,0,0,0,0,0,0,0,COMEDY
1435,0,0,0,0,0,0,0,1,0,0,0,0,0,1,0,0,0,0,DRAMA|ROMANCE
1436,0,0,0,0,1,0,0,0,0,0,0,0,0,0,0,0,0,0,COMEDY
1437,0,0,0,0,0,0,0,1,0,0,0,0,0,0,0,0,0,0,DRAMA
1438,0,0,0,0,0,1,0,1,0,0,0,0,0,0,0,0,0,0,CRIME|DRAMA
1439,0,0,0,0,0,0,0,1,0,0,0,0,0,0,0,0,0,0,DRAMA
1440,0,0,0,0,0,0,0,1,0,0,0,0,0,1,0,0,0,0,DRAMA|ROMANCE
1441,0,0,0,0,0,0,0,1,0,0,0,0,0,0,0,0,0,0,DRAMA
1442,0,0,0,0,0,0,0,1,0,0,0,0,0,0,0,0,0,0,DRAMA
1443,0,0,0,1,1,0,0,0,0,0,0,0,1,0,0,0,0,0,CHILDREN|COMEDY|MYSTERY
1444,0,0,0,0,0,0,0,1,0,0,0,0,0,0,0,0,0,0,DRAMA
1445,0,0,0,0,1,0,0,0,0,0,0,0,0,0,0,0,0,0,COMEDY
1446,0,0,0,0,0,0,0,1,0,0,0,0,0,0,0,0,0,0,DRAMA
1447,0,0,0,0,0,0,0,1,0,0,0,0,0,0,0,0,0,0,DRAMA
1448,0,0,0,0,0,0,0,1,0,0,0,0,0,0,0,0,0,0,DRAMA
1449,0,1,0,0,0,0,0,0,0,0,0,0,0,1,0,0,0,0,ADVENTURE|ROMANCE
1450,0,0,0,0,0,0,0,0,0,0,0,0,0,0,0,1,0,0,THIRILLER
1451,0,0,0,0,1,0,0,0,0,0,0,0,1,0,0,0,0,0,COMEDY|MYSTERY
1452,0,0,0,0,0,1,0,1,0,0,0,0,0,0,0,0,0,0,CRIME|DRAMA
1453,0,0,0,0,0,0,0,0,0,0,0,0,0,0,0,0,0,1,WESTERN
1454,0,0,0,0,0,0,0,0,0,0,0,0,0,0,0,0,0,1,WESTERN
1455,0,0,0,0,1,0,0,1,0,0,0,0,0,0,0,0,0,0,COMEDY|DRAMA
1456,0,0,0,0,1,0,0,1,0,0,0,0,0,0,0,0,0,0,COMEDY|DRAMA
1457,0,0,0,0,1,0,0,0,0,0,0,1,0,1,0,0,0,0,COMEDY|MUSICAL|ROMANCE
1458,0,0,0,0,0,0,0,0,0,0,0,1,0,0,0,0,0,0,MUSICAL
1459,0,0,0,0,1,0,0,1,0,0,0,0,0,0,0,0,0,0,COMEDY|DRAMA
1460,0,0,0,0,1,0,0,0,0,0,0,0,0,0,0,0,0,0,COMEDY
1461,0,0,0,0,0,1,0,1,0,0,0,0,0,1,0,0,0,0,CRIME|DRAMA|ROMANCE
1462,0,0,0,0,1,0,0,0,0,0,0,0,0,0,0,0,0,0,COMEDY
1463,0,0,0,0,0,0,0,1,0,0,0,0,0,0,0,0,0,0,DRAMA
1464,0,0,0,0,1,0,0,1,0,0,0,0,0,0,0,0,0,0,COMEDY|DRAMA
1465,0,0,0,0,0,0,0,1,0,0,0,0,0,0,0,0,0,0,DRAMA
1466,0,0,0,0,0,0,0,1,0,0,0,0,0,0,0,0,0,0,DRAMA
1467,0,0,0,0,0,0,0,1,0,0,0,0,0,0,0,0,0,0,DRAMA
1468,0,1,0,1,0,0,0,0,0,0,0,0,0,0,0,0,0,0,ADVENTURE|CHILDREN
1469,0,0,1,1,0,0,0,0,0,0,0,0,0,0,0,0,0,0,ANIMATION|CHILDREN
1470,0,0,0,0,0,0,0,0,0,0,0,0,0,0,0,1,0,0,THIRILLER
1471,0,0,0,0,1,0,0,0,0,0,0,0,0,0,1,0,0,0,COMEDY|SCIFI
1472,0,0,0,1,0,0,0,1,0,0,0,0,0,0,0,0,0,0,CHILDREN|DRAMA
1473,0,0,0,0,1,0,0,0,0,0,0,0,0,1,0,0,0,0,COMEDY|ROMANCE
1474,0,0,0,0,1,0,0,1,0,0,0,0,0,0,0,0,0,0,COMEDY|DRAMA
1475,0,0,0,0,0,0,0,0,0,1,0,0,0,0,0,0,0,0,FILM NOIR
1476,0,0,0,0,0,0,0,0,0,0,1,0,0,0,0,1,0,0,HORROR|THIRILLER
1477,1,0,0,0,0,1,0,1,0,0,0,0,0,0,0,0,0,0,ACTION|CRIME|DRAMA
1478,0,0,0,0,1,0,0,0,0,0,0,0,0,0,0,0,0,0,COMEDY
1479,0,1,0,1,1,0,0,0,0,0,0,0,0,0,0,0,0,0,ADVENTURE|CHILDREN|COMEDY
1480,0,0,0,0,0,0,0,1,0,0,0,0,0,0,0,0,0,0,DRAMA
1481,0,0,0,0,0,0,1,0,0,0,0,0,0,0,0,0,0,0,DOCUMENTRY
1482,1,0,0,0,0,0,0,1,0,0,0,0,0,1,0,0,0,0,ACTION|DRAMA|ROMANCE
1483,1,0,0,0,1,0,0,0,0,0,0,0,0,0,0,0,0,0,ACTION|COMEDY
1484,0,0,0,0,0,0,0,1,0,0,0,0,0,1,0,0,1,0,DRAMA|ROMANCE|WAR
1485,0,0,0,0,0,0,0,1,0,0,0,0,0,0,0,0,0,0,DRAMA
1486,0,0,0,0,1,0,0,0,0,0,0,0,0,1,0,0,0,0,COMEDY|ROMANCE
1487,0,0,0,0,0,0,0,1,0,0,0,0,0,0,0,0,0,0,DRAMA
1488,0,0,0,0,1,0,0,0,0,0,0,0,0,0,0,0,0,0,COMEDY
1489,0,0,0,0,1,0,0,0,0,0,0,0,0,0,0,0,0,0,COMEDY
1490,1,0,0,0,0,0,0,1,0,0,0,0,0,0,0,1,0,0,ACTION|DRAMA|THIRILLER
1491,0,0,0,0,1,0,0,0,0,0,0,0,0,0,0,0,0,0,COMEDY
1492,0,0,0,0,0,0,0,0,0,0,0,0,0,1,0,0,0,0,ROMANCE
1493,0,0,0,0,1,0,0,0,0,0,0,0,0,0,0,0,0,0,COMEDY
1494,0,0,0,0,0,0,0,1,0,0,0,0,0,0,0,0,0,0,DRAMA
1495,0,0,0,0,1,1,0,0,0,0,0,0,0,0,0,0,0,0,COMEDY|CRIME
1496,0,0,0,0,0,0,1,0,0,0,0,0,0,0,0,0,0,0,DOCUMENTRY
1497,0,0,0,0,1,0,0,0,0,0,0,0,0,0,0,0,0,0,COMEDY
1498,0,0,0,0,1,0,0,0,0,0,0,0,0,0,0,0,0,0,COMEDY
1499,0,0,0,0,1,0,0,0,0,0,0,0,0,0,0,0,0,0,COMEDY
1500,0,0,0,0,0,0,0,0,0,0,0,0,0,0,0,0,1,0,WAR
1501,0,0,0,0,1,0,0,0,0,0,0,0,0,1,0,0,0,0,COMEDY|ROMANCE
1502,0,1,0,1,0,0,0,0,0,0,0,0,0,0,0,0,0,0,ADVENTURE|CHILDREN
1503,0,0,0,0,1,0,0,0,0,0,0,0,0,0,0,0,0,0,COMEDY
1504,0,0,0,0,0,1,0,1,0,0,0,0,0,0,0,0,0,0,CRIME|DRAMA
1505,0,0,0,0,0,0,0,1,0,0,0,0,0,0,0,0,0,0,DRAMA
1506,0,0,0,0,1,0,0,0,0,0,0,0,0,0,0,0,0,0,COMEDY
1507,0,0,0,0,0,0,0,1,0,0,0,0,0,0,0,1,0,0,DRAMA|THIRILLER
1508,0,0,0,0,1,0,0,0,0,0,0,0,0,0,0,0,0,0,COMEDY
1509,0,0,0,0,0,1,0,0,0,0,0,0,0,0,0,0,0,0,CRIME
1510,0,0,0,0,1,0,0,0,0,0,0,0,0,0,0,0,0,0,COMEDY
1511,0,0,0,0,0,0,0,1,0,0,0,0,0,0,0,0,0,0,DRAMA
1512,0,0,0,0,1,0,0,0,0,0,0,0,0,0,0,0,0,0,COMEDY
1513,0,0,0,0,0,0,0,1,0,0,0,0,0,0,0,0,0,0,DRAMA
1514,0,1,0,0,0,0,0,0,0,0,0,0,0,1,0,0,0,0,ADVENTURE|ROMANCE
1515,0,0,0,0,0,0,0,1,0,0,0,0,0,0,0,0,0,0,DRAMA
1516,0,0,0,0,0,0,0,1,0,0,0,0,0,0,0,0,0,0,DRAMA
1517,0,0,0,0,0,0,0,1,0,0,0,0,0,0,0,0,0,0,DRAMA
1518,0,0,0,0,0,1,0,1,0,0,0,0,0,0,0,0,0,0,CRIME|DRAMA
1519,0,0,0,0,0,0,0,0,0,0,1,0,0,0,0,0,0,0,HORROR
1520,0,0,0,0,1,0,0,0,0,0,0,0,0,1,0,0,0,0,COMEDY|ROMANCE
1521,0,0,0,0,0,0,0,0,0,0,0,0,0,0,0,1,0,0,THIRILLER
1522,1,1,0,0,0,0,0,0,0,0,0,0,0,0,0,0,0,0,ACTION|ADVENTURE
1523,0,0,0,0,0,0,0,1,0,0,0,0,0,0,0,0,0,0,DRAMA
1524,0,0,0,0,1,0,0,0,0,0,0,0,0,1,0,0,0,0,COMEDY|ROMANCE
1525,0,0,0,0,0,0,0,1,0,0,0,0,0,1,0,1,0,0,DRAMA|ROMANCE|THIRILLER
1526,0,0,0,0,1,0,0,0,0,0,0,0,0,0,0,0,0,0,COMEDY
1527,0,0,0,0,0,0,0,1,0,0,0,0,0,0,0,0,0,0,DRAMA
1528,0,0,0,0,0,0,0,0,0,0,0,0,0,0,0,0,1,0,WAR
1529,0,0,0,0,0,0,0,1,0,0,0,0,0,0,0,0,0,0,DRAMA
1530,0,1,0,1,0,0,0,0,0,0,0,0,0,0,0,0,0,0,ADVENTURE|CHILDREN
1531,0,0,0,0,0,0,0,1,0,0,0,0,0,0,0,0,0,0,DRAMA
1532,0,0,0,0,0,0,0,1,0,0,0,0,0,0,0,0,0,0,DRAMA
1533,0,0,0,0,1,1,0,0,0,0,0,0,0,0,0,0,0,0,COMEDY|CRIME
1534,0,0,0,0,0,0,0,1,0,0,0,0,0,0,0,0,0,0,DRAMA
1535,0,0,0,0,0,0,0,1,0,0,0,0,0,0,0,0,0,0,DRAMA
1536,0,0,0,0,1,0,0,0,0,0,0,0,0,0,0,0,0,0,COMEDY
1537,0,0,0,0,0,0,0,1,0,0,0,0,0,0,0,0,0,0,DRAMA
1538,0,0,0,0,0,0,0,1,0,0,0,0,0,0,0,0,0,0,DRAMA
1539,0,1,0,1,0,0,0,0,0,0,0,0,0,0,0,0,0,0,ADVENTURE|CHILDREN
1540,0,0,0,0,0,0,0,1,0,0,0,0,0,0,0,0,0,0,DRAMA
1541,0,0,0,0,0,0,0,1,0,0,0,0,0,0,0,0,0,0,DRAMA
1542,0,0,0,0,0,0,0,1,0,0,0,0,0,0,0,0,0,0,DRAMA
1543,0,0,0,0,1,0,0,0,0,0,0,0,0,0,0,0,0,0,COMEDY
1544,0,0,0,0,0,0,0,1,0,0,0,0,0,1,0,0,0,0,DRAMA|ROMANCE
1545,0,0,0,0,0,0,0,1,0,0,0,0,0,0,0,0,0,0,DRAMA
1546,0,0,0,0,0,0,1,0,0,0,0,0,0,0,0,0,0,0,DOCUMENTRY
1547,1,0,0,0,0,0,0,0,0,0,0,0,0,0,0,1,0,0,ACTION|THIRILLER
1548,0,0,0,0,0,0,0,0,0,0,0,0,0,0,0,1,0,0,THIRILLER
1549,0,0,0,0,1,0,0,0,0,0,0,0,0,0,0,0,0,0,COMEDY
1550,0,0,0,0,0,0,0,1,0,0,0,0,0,0,0,0,0,0,DRAMA
1551,1,0,0,0,0,0,0,0,0,0,0,0,0,0,0,0,0,0,ACTION
1552,0,0,0,0,0,0,0,0,0,0,0,0,1,0,0,1,0,0,MYSTERY|THIRILLER
1553,0,0,0,0,0,0,0,1,0,0,0,0,0,0,0,0,0,0,DRAMA
1554,0,1,0,1,0,0,0,0,0,0,0,0,0,0,0,0,0,0,ADVENTURE|CHILDREN
1555,1,0,0,0,0,0,0,1,0,0,0,0,0,0,0,1,0,0,ACTION|DRAMA|THIRILLER
1556,0,0,0,0,1,0,0,1,0,0,0,0,0,0,0,0,0,0,COMEDY|DRAMA
1557,0,0,0,0,0,0,0,1,0,0,0,0,0,0,0,0,0,0,DRAMA
1558,1,0,0,0,0,0,0,1,0,0,0,0,0,0,0,1,0,0,ACTION|DRAMA|THIRILLER
1559,0,0,0,0,0,1,0,0,0,0,0,0,0,0,0,0,0,0,CRIME
1560,0,0,0,0,0,0,1,1,0,0,0,0,0,0,0,0,0,0,DOCUMENTRY|DRAMA
1561,0,0,0,0,0,0,1,0,0,0,0,0,0,0,0,0,0,0,DOCUMENTRY
1562,0,0,0,0,0,0,0,0,0,0,0,0,0,1,0,0,0,0,ROMANCE
1563,0,0,0,0,0,0,0,1,0,0,0,0,0,0,0,0,0,0,DRAMA
1564,0,0,0,0,0,0,0,1,0,0,0,0,0,0,0,0,0,0,DRAMA
1565,0,0,0,0,0,0,0,1,0,0,0,0,0,0,0,0,0,0,DRAMA
1566,0,0,0,0,1,0,0,0,0,0,0,0,0,0,0,0,0,0,COMEDY
1567,0,0,0,0,1,0,0,0,0,0,0,0,0,1,0,0,0,0,COMEDY|ROMANCE
1568,0,0,0,0,1,0,0,1,0,0,0,0,0,0,0,0,0,0,COMEDY|DRAMA
1569,0,0,0,0,1,0,0,0,0,0,0,0,0,0,0,0,0,0,COMEDY
1570,0,0,0,0,0,0,0,1,0,0,0,0,0,0,0,0,0,0,DRAMA
1571,0,0,0,0,0,0,0,1,0,0,0,0,0,0,0,0,0,0,DRAMA
1572,0,0,0,0,0,0,0,0,0,0,1,0,0,0,0,0,0,0,HORROR
1573,0,0,0,0,0,0,0,0,0,0,0,0,0,0,0,0,1,0,WAR
1574,0,0,0,0,0,0,0,1,0,0,0,0,0,0,0,0,0,0,DRAMA
1575,0,0,0,0,0,0,0,0,1,0,0,0,0,0,0,0,0,0,FANTASY
1576,0,0,0,0,0,0,0,1,0,0,0,0,0,0,0,0,0,0,DRAMA
1577,0,0,0,0,0,0,0,1,0,0,0,0,0,0,0,0,0,0,DRAMA
1578,0,0,0,0,0,0,0,0,0,0,0,0,0,0,0,1,0,0,THIRILLER
1579,0,0,0,0,0,0,0,0,0,0,0,0,0,1,0,0,0,0,ROMANCE
1580,0,0,0,0,0,0,0,0,0,0,0,0,1,0,0,0,0,0,MYSTERY
1581,0,0,0,0,0,0,0,0,0,1,0,0,0,0,0,0,0,0,FILM NOIR
1582,0,0,0,0,0,0,0,1,0,0,0,0,0,0,0,0,0,0,DRAMA
1583,0,0,0,0,0,0,0,1,0,0,0,0,0,0,0,0,0,0,DRAMA
1584,0,0,0,0,0,0,1,0,0,0,0,0,0,0,0,0,0,0,DOCUMENTRY
1585,1,0,0,0,0,1,0,1,0,0,0,0,0,0,0,0,0,0,ACTION|CRIME|DRAMA
1586,0,0,0,0,0,0,0,0,0,0,0,0,0,0,0,0,0,1,WESTERN
1587,0,0,0,0,1,0,0,1,0,0,0,0,0,0,0,0,0,0,COMEDY|DRAMA
1588,0,0,0,0,1,0,0,0,0,0,0,0,0,0,0,0,0,0,COMEDY
1589,0,0,0,0,0,0,0,1,0,0,0,0,0,0,0,0,0,0,DRAMA
1590,0,0,0,0,0,0,0,1,0,0,0,0,0,0,0,0,0,0,DRAMA
1591,0,0,0,0,0,0,0,1,0,0,0,0,0,0,0,0,0,0,DRAMA
1592,0,0,0,0,1,0,0,0,0,0,0,0,0,0,0,0,0,0,COMEDY
1593,0,0,0,0,0,0,1,0,0,0,0,0,0,0,0,0,0,0,DOCUMENTRY
1594,1,0,0,0,0,0,0,0,0,0,0,0,0,0,0,1,0,0,ACTION|THIRILLER
1595,1,0,0,0,0,0,0,0,0,0,0,0,0,0,1,1,0,0,ACTION|SCIFI|THIRILLER
1596,1,0,0,0,0,0,0,1,0,0,0,0,0,0,0,0,0,0,ACTION|DRAMA
1597,0,0,0,0,0,1,0,0,0,0,0,0,0,0,0,1,0,0,CRIME|THIRILLER
1598,0,0,0,0,0,0,0,1,0,0,0,0,0,0,0,0,0,0,DRAMA
1599,0,0,0,0,1,0,0,0,0,0,0,0,0,0,0,0,0,0,COMEDY
1600,0,0,0,0,0,0,0,0,0,0,0,0,0,0,0,1,0,0,THIRILLER
1601,0,0,0,0,0,0,0,1,0,0,0,0,0,0,0,0,0,0,DRAMA
1602,0,0,0,0,0,0,0,1,0,0,0,0,0,0,0,0,0,0,DRAMA
1603,0,0,0,0,0,1,0,0,0,1,0,0,0,0,0,1,0,0,CRIME|FILM NOIR|THIRILLER
1604,0,0,0,0,1,0,0,0,0,0,0,0,0,0,0,0,0,0,COMEDY
1605,0,0,0,0,0,1,0,0,0,0,0,0,0,0,0,0,0,0,CRIME
1606,0,0,0,0,0,0,0,1,0,0,0,0,0,0,0,0,0,0,DRAMA
1607,0,1,0,1,0,0,0,1,0,0,0,0,0,0,0,0,0,0,ADVENTURE|CHILDREN|DRAMA
1608,0,0,0,0,1,0,0,0,0,0,0,0,0,0,0,0,0,0,COMEDY
1609,1,0,0,0,0,1,0,0,0,0,0,0,0,1,0,0,0,0,ACTION|CRIME|ROMANCE
1610,0,0,0,0,1,0,0,0,0,0,0,0,0,0,0,0,0,0,COMEDY
1611,0,0,0,0,0,0,0,0,0,0,0,0,0,1,0,0,0,0,ROMANCE
1612,1,0,0,0,0,0,0,1,0,0,0,0,0,0,0,0,0,0,ACTION|DRAMA
1613,0,0,0,0,1,0,0,1,0,0,0,0,0,0,0,0,0,0,COMEDY|DRAMA
1614,1,1,0,1,0,0,0,0,1,0,0,0,0,0,0,0,0,0,ACTION|ADVENTURE|CHILDREN|FANTASY
1615,0,0,0,0,0,0,0,1,0,0,0,0,0,0,0,0,0,0,DRAMA
1616,0,0,0,0,0,0,0,0,0,0,0,0,0,1,0,0,0,0,ROMANCE
1617,1,0,0,0,0,1,0,0,0,0,0,0,0,0,0,0,0,0,ACTION|CRIME
1618,0,0,0,0,0,0,0,1,0,0,0,0,0,0,0,0,0,0,DRAMA
1619,0,0,0,0,1,0,0,0,0,0,0,0,0,0,0,0,0,0,COMEDY
1620,0,0,0,0,0,0,0,0,0,0,0,0,0,0,0,1,0,0,THIRILLER
1621,0,0,0,0,1,0,0,0,0,0,0,0,0,0,0,0,0,0,COMEDY
1622,0,0,0,0,0,0,0,1,0,0,0,0,0,0,0,0,0,0,DRAMA
1623,0,0,0,0,0,0,0,0,0,0,0,0,0,0,0,1,0,0,THIRILLER
1624,0,0,0,0,0,0,0,0,0,0,1,0,0,0,0,1,0,0,HORROR|THIRILLER
1625,0,0,0,0,1,0,0,1,0,0,0,0,0,0,0,0,0,0,COMEDY|DRAMA
1626,0,0,0,0,1,0,0,1,0,0,0,0,0,0,0,0,0,0,COMEDY|DRAMA
1627,0,0,0,0,0,0,0,1,0,0,0,0,0,0,0,0,0,0,DRAMA
1628,0,0,0,0,0,0,1,0,0,0,0,0,0,0,0,0,0,0,DOCUMENTRY
1629,0,0,0,0,0,0,0,1,0,0,0,0,0,0,0,0,0,0,DRAMA
1630,0,0,0,0,1,0,0,1,0,0,0,0,0,0,0,0,0,0,COMEDY|DRAMA
1631,0,0,0,0,0,0,0,0,0,0,0,0,0,0,0,0,1,0,WAR
1632,0,0,0,0,1,0,0,1,0,0,0,0,0,0,0,0,0,0,COMEDY|DRAMA
1633,0,0,0,0,0,0,0,1,0,0,0,0,0,0,0,0,0,0,DRAMA
1634,0,0,0,0,0,0,0,1,0,0,0,0,0,0,0,0,0,0,DRAMA
1635,0,0,0,0,0,0,0,1,0,0,0,0,0,0,0,0,0,0,DRAMA
1636,0,0,0,0,0,0,0,1,0,0,0,0,0,0,0,0,0,0,DRAMA
1637,0,0,0,0,0,1,0,1,0,0,0,0,0,0,0,0,0,0,CRIME|DRAMA
1638,0,0,0,0,0,0,0,1,0,0,0,0,0,0,0,0,0,0,DRAMA
1639,0,0,0,0,0,0,0,1,0,0,0,0,0,0,0,0,0,0,DRAMA
1640,0,0,0,0,0,0,1,0,0,0,0,0,0,0,0,0,0,0,DOCUMENTRY
1641,0,0,0,0,0,0,0,1,0,0,0,0,0,0,0,0,0,0,DRAMA
1642,0,0,0,0,0,0,0,1,0,0,0,0,0,0,0,0,0,0,DRAMA
1643,0,0,0,0,1,0,0,0,0,0,0,0,0,0,0,0,0,0,COMEDY
1644,0,0,0,0,0,0,0,1,0,0,0,0,0,0,0,0,0,0,DRAMA
1645,1,0,0,0,0,0,0,1,0,0,0,0,0,0,0,0,0,0,ACTION|DRAMA
1646,0,0,0,0,1,1,0,1,0,0,0,0,0,0,0,0,0,0,COMEDY|CRIME|DRAMA
1647,0,0,0,0,0,0,0,1,0,0,0,0,0,0,0,0,0,0,DRAMA
1648,0,0,0,0,1,0,1,0,0,0,0,0,0,0,0,0,0,0,COMEDY|DOCUMENTRY
1649,0,0,0,0,0,0,0,1,0,0,0,0,0,0,0,0,0,0,DRAMA
1650,0,0,0,0,0,0,0,1,0,0,0,0,0,0,0,1,0,0,DRAMA|THIRILLER
1651,0,0,0,0,0,0,0,0,0,0,0,0,0,1,0,0,0,0,ROMANCE
1652,0,0,0,0,0,0,0,1,0,0,0,0,0,0,0,0,0,0,DRAMA
1653,0,0,0,0,1,0,0,0,0,0,0,0,0,0,0,0,0,0,COMEDY
1654,0,0,0,0,1,0,0,0,0,0,0,0,0,1,0,0,0,0,COMEDY|ROMANCE
1655,0,0,0,0,1,0,0,0,0,0,0,0,0,1,0,0,0,0,COMEDY|ROMANCE
1656,1,0,0,0,0,0,0,1,0,0,0,0,0,0,0,0,0,0,ACTION|DRAMA
1657,0,0,0,0,0,0,0,1,0,0,0,0,0,0,0,0,0,0,DRAMA
1658,0,0,0,0,1,0,0,0,0,0,0,0,0,0,0,0,0,0,COMEDY
1659,0,0,0,0,0,0,0,1,0,0,0,0,0,0,0,0,0,0,DRAMA
1660,0,0,0,0,0,0,0,1,0,0,0,0,0,0,0,0,0,0,DRAMA
1661,0,0,0,0,0,0,0,1,0,0,0,0,0,1,0,0,0,0,DRAMA|ROMANCE
1662,0,0,0,0,0,0,0,1,0,0,0,0,0,0,0,0,1,0,DRAMA|WAR
1663,0,0,0,0,1,0,0,0,0,0,0,0,0,0,0,0,0,0,COMEDY
1664,0,0,0,0,0,0,0,1,0,0,0,0,0,0,0,0,0,0,DRAMA
1665,0,0,0,0,0,0,0,1,0,0,0,0,0,0,0,0,0,0,DRAMA
1666,0,0,0,0,0,0,0,1,0,0,0,0,0,0,0,0,0,0,DRAMA
1667,0,0,0,0,1,0,0,0,0,0,0,0,0,0,0,0,0,0,COMEDY
1668,0,0,0,0,0,1,0,1,0,0,0,0,1,0,0,0,0,0,CRIME|DRAMA|MYSTERY
1669,0,0,0,0,1,0,0,0,0,0,0,0,0,0,0,1,0,0,COMEDY|THIRILLER
1670,0,0,0,0,0,0,0,1,0,0,0,0,0,0,0,0,0,0,DRAMA
1671,0,0,0,0,0,0,0,1,0,0,0,0,0,0,0,0,0,0,DRAMA
1672,1,0,0,0,0,0,0,0,0,0,0,0,0,0,0,1,0,0,ACTION|THIRILLER
1673,0,0,0,0,0,0,0,1,0,0,0,0,0,0,0,0,0,0,DRAMA
1674,0,0,0,0,0,0,0,1,0,0,0,0,0,0,0,0,0,0,DRAMA
1675,0,0,0,0,0,0,0,1,0,0,0,0,0,0,0,0,0,0,DRAMA
1676,0,0,0,0,0,0,0,1,0,0,0,0,0,0,0,0,0,0,DRAMA
1677,0,0,0,0,0,0,0,1,0,0,0,0,0,0,0,0,0,0,DRAMA
1678,0,0,0,0,0,0,0,0,0,0,0,0,0,1,0,1,0,0,ROMANCE|THIRILLER
1679,0,0,0,0,0,0,0,1,0,0,0,0,0,1,0,0,0,0,DRAMA|ROMANCE
1680,0,0,0,0,1,0,0,0,0,0,0,0,0,0,0,0,0,0,COMEDY
1681,0,0,0,0,0,0,0,1,0,0,0,0,0,0,0,0,0,0,DRAMA
1682,,,,,,,,,,,,,,,,,,,
